time,Open,High,Low,Close,Volume,ema_20,ema_50,ema_200,rsi,MACD_48_96_36,MACDh_48_96_36,MACDs_48_96_36,BBL_20_2.0,BBM_20_2.0,BBU_20_2.0,BBB_20_2.0,BBP_20_2.0,atr,obv,PP,R1,R2,R3,S1,S2,S3
2024-01-04 22:00:00,0.62326,0.62779,0.6181,0.62444,89036,,,,,,,,,,,,,,89036.0,0.6234433333333333,0.6287866666666667,0.6331333333333333,0.6428233333333333,0.6190966666666667,0.6137533333333334,0.6040633333333334
2024-01-07 22:00:00,0.6241,0.62612,0.62126,0.62508,58650,,,,,,,,,,,,,,147686.0,0.6241533333333334,0.6270466666666669,0.6290133333333334,0.6338733333333334,0.6221866666666669,0.6192933333333335,0.6144333333333335
2024-01-08 22:00:00,0.62528,0.6267,0.62262,0.62396,61165,,,,,,,,,,,,,,86521.0,0.6244266666666666,0.6262333333333332,0.6285066666666667,0.6325866666666667,0.6221533333333331,0.6203466666666665,0.6162666666666664
2024-01-09 22:00:00,0.62362,0.62545,0.62158,0.6228,59581,,,,,,,,,,,,,,26940.0,0.6232766666666667,0.6249733333333334,0.6271466666666666,0.6310166666666666,0.6211033333333335,0.6194066666666668,0.6155366666666668
2024-01-10 22:00:00,0.62247,0.62608,0.61956,0.62335,78314,,,,,,,,,,,,,,105254.0,0.6229966666666665,0.6264333333333331,0.6295166666666665,0.6360366666666665,0.6199133333333331,0.6164766666666666,0.6099566666666666
2024-01-11 22:00:00,0.62288,0.6278,0.62286,0.62404,69223,,,,,,,,,,,,,,174477.0,0.6248999999999999,0.6269399999999998,0.62984,0.63478,0.6219999999999998,0.6199599999999998,0.6150199999999998
2024-01-14 22:00:00,0.62388,0.62421,0.61834,0.62006,40707,,,,,,,,,,,,,,133770.0,0.62087,0.6234000000000001,0.6267400000000001,0.6326100000000001,0.61753,0.615,0.60913
2024-01-15 22:00:00,0.62006,0.62067,0.61265,0.6138,79252,,,,,,,,,,,,,,54518.0,0.6157066666666666,0.6187633333333332,0.6237266666666667,0.6317466666666667,0.6107433333333332,0.6076866666666666,0.5996666666666666
2024-01-16 22:00:00,0.61404,0.61518,0.60884,0.6116,75054,,,,,,,,,,,,,,-20536.0,0.6118733333333334,0.6149066666666667,0.6182133333333333,0.6245533333333332,0.6085666666666668,0.6055333333333335,0.5991933333333336
2024-01-17 22:00:00,0.61162,0.61361,0.60948,0.6116,71253,,,,,,,,,,,,,,-20536.0,0.6115633333333333,0.6136466666666667,0.6156933333333333,0.6198233333333333,0.6095166666666667,0.6074333333333334,0.6033033333333334
2024-01-18 22:00:00,0.61106,0.61267,0.60898,0.61156,60214,,,,,,,,,,,,,,-80750.0,0.6110699999999999,0.6131599999999998,0.61476,0.61845,0.6094699999999997,0.6073799999999998,0.6036899999999997
2024-01-21 22:00:00,0.61157,0.6139,0.60719,0.60762,55001,,,,,,,,,,,,,,-135751.0,0.6095700000000001,0.6119500000000001,0.61628,0.62299,0.6052400000000001,0.6028600000000001,0.5961500000000001
2024-01-22 22:00:00,0.60858,0.61173,0.6062,0.61024,64640,,,,,,,,,,,,,,-71111.0,0.60939,0.61258,0.61492,0.6204500000000001,0.60705,0.60386,0.5983299999999999
2024-01-23 22:00:00,0.61018,0.6149,0.6089,0.61117,70636,,,,,,,,,,,,,,-475.0,0.6116566666666666,0.6144133333333333,0.6176566666666666,0.6236566666666666,0.6084133333333333,0.6056566666666666,0.5996566666666666
2024-01-24 22:00:00,0.61077,0.61326,0.61001,0.61112,66548,,,,,,,,,,,,,,-67023.0,0.6114633333333334,0.6129166666666667,0.6147133333333333,0.6179633333333333,0.6096666666666667,0.6082133333333334,0.6049633333333334
2024-01-25 22:00:00,0.61111,0.61213,0.60903,0.60918,55484,,,,,,,,,,,,,,-122507.0,0.6101133333333333,0.6111966666666666,0.6132133333333333,0.6163133333333333,0.6080966666666666,0.6070133333333333,0.6039133333333333
2024-01-28 22:00:00,0.60938,0.61438,0.60864,0.61322,48080,,,,,,,,,,,,,,-74427.0,0.6120800000000001,0.6155200000000002,0.6178200000000001,0.6235600000000002,0.6097800000000001,0.60634,0.6005999999999999
2024-01-29 22:00:00,0.61337,0.61494,0.61054,0.6136,56549,,,,,,,,,,,,,,-17878.0,0.6130266666666667,0.6155133333333335,0.6174266666666668,0.6218266666666669,0.6111133333333334,0.6086266666666666,0.6042266666666666
2024-01-30 22:00:00,0.61358,0.61738,0.61016,0.61179,86936,,,,,,,,,,,,,,-104814.0,0.6131099999999999,0.6160599999999998,0.6203299999999999,0.6275499999999999,0.6088399999999998,0.6058899999999999,0.5986699999999999
2024-01-31 22:00:00,0.61166,0.61448,0.608,0.61441,76851,0.6157319999999998,,,,,,,0.6039755998707088,0.6157320000000001,0.6274884001292913,3.818674400320673,0.4437753059839184,,-27963.0,0.6122966666666666,0.6165933333333332,0.6187766666666666,0.6252566666666667,0.6101133333333332,0.6058166666666666,0.5993366666666665
2024-02-01 22:00:00,0.61366,0.61606,0.60589,0.60644,62380,0.6148470476190475,,,,,,,0.6031240819955042,0.614832,0.6265399180044959,3.80849337851507,0.14161006266111942,,-90343.0,0.6094633333333334,0.6130366666666667,0.6196333333333334,0.6298033333333334,0.6028666666666667,0.5992933333333333,0.5891233333333333
2024-02-04 22:00:00,0.607,0.6082,0.60384,0.60545,59422,0.6139520907029478,,,,,,,0.6024565516501083,0.6138505,0.6252444483498917,3.712287714970246,0.1313613269942654,,-149765.0,0.60583,0.6078199999999999,0.6101899999999999,0.6145499999999998,0.60346,0.6014700000000001,0.5971100000000001
2024-02-05 22:00:00,0.6054,0.60998,0.60467,0.60972,56324,0.6135490344455242,,,,,,,0.602613952931361,0.6131385,0.6236630470686391,3.4330080621716084,0.3375939611602664,,-93441.0,0.6081233333333333,0.6115766666666667,0.6134333333333333,0.6187433333333332,0.6062666666666667,0.6028133333333334,0.5975033333333335
2024-02-06 22:00:00,0.60964,0.6125,0.60924,0.61126,50839,0.6133310311649981,,,,,,,0.6029974417086678,0.6125615,0.6221255582913322,3.1226442704388777,0.4319588003149517,,-42602.0,0.6110000000000001,0.6127600000000002,0.6142600000000001,0.6175200000000002,0.6095000000000002,0.6077400000000001,0.60448
2024-02-07 22:00:00,0.61132,0.61237,0.60789,0.60968,50157,0.6129833139111888,,,,,,,0.6036327114058998,0.6118780000000001,0.6201232885941005,2.695076009956344,0.36671176060636285,,-92759.0,0.6099800000000001,0.6120700000000001,0.61446,0.6189399999999999,0.6075900000000002,0.6055000000000001,0.6010200000000002
2024-02-08 22:00:00,0.60997,0.61586,0.60935,0.61492,49038,0.6131677602053613,,,,,,,0.6051433899627385,0.611422,0.6177006100372615,2.0537730200292073,0.7785648399279872,,-43721.0,0.6133766666666666,0.6174033333333332,0.6198866666666666,0.6263966666666666,0.6108933333333332,0.6068666666666666,0.6003566666666665
2024-02-11 22:00:00,0.61468,0.6152,0.61204,0.61298,39999,0.6131498782810413,,,,,,,0.606120056588844,0.6110680000000001,0.6160159434111561,1.6194411787742142,0.6932115872312701,,-83720.0,0.6134066666666667,0.6147733333333333,0.6165666666666666,0.6197266666666665,0.6116133333333333,0.6102466666666667,0.6070866666666668
2024-02-12 22:00:00,0.61294,0.61314,0.60498,0.60608,58999,0.6124765565399898,,,,,,,0.6054504205061948,0.610682,0.6159135794938051,1.713356376577384,0.06017107209693136,,-142719.0,0.6080666666666666,0.6111533333333333,0.6162266666666667,0.6243866666666668,0.6029933333333333,0.5999066666666666,0.5917466666666665
2024-02-13 22:00:00,0.60589,0.60918,0.60512,0.60857,54313,0.6121045035361812,,,,,,,0.6052388859740149,0.6105305,0.6158221140259851,1.7334478870376184,0.3147540627138855,0.0053795108306124795,-88406.0,0.6076233333333334,0.6101266666666668,0.6116833333333335,0.6157433333333335,0.6060666666666668,0.6035633333333333,0.5995033333333333
2024-02-14 22:00:00,0.60844,0.61274,0.60801,0.6106,51179,0.6119612174851163,,,,,,,0.6052114033981144,0.6104805,0.6157495966018856,1.7262129099571797,0.5113397047946783,0.005343915955466412,-37227.0,0.61045,0.61289,0.61518,0.6199099999999999,0.6081600000000001,0.6057200000000001,0.6009900000000002
2024-02-15 22:00:00,0.61075,0.61358,0.60861,0.61248,50384,0.6120106253436767,,,45.5568100785083,,,,0.6052047097936876,0.6105265,0.6158482902063124,1.7433445415759692,0.6835378626616023,0.005323808215649963,13157.0,0.6115566666666666,0.6145033333333333,0.6165266666666667,0.6214966666666667,0.6095333333333333,0.6065866666666666,0.6016166666666666
2024-02-18 22:00:00,0.61257,0.61524,0.61226,0.61499,33743,0.6122943753109455,,,48.29536555335127,,,,0.6054110871633475,0.610895,0.6163789128366525,1.7953700183018375,0.8733647964488568,0.005200003500293233,46900.0,0.6141633333333334,0.6160666666666668,0.6171433333333334,0.6201233333333334,0.6130866666666668,0.6111833333333334,0.6082033333333334
2024-02-19 22:00:00,0.61502,0.61911,0.61294,0.61644,53745,0.6126891967099032,,,49.80427186621255,,,,0.6052256605716014,0.611205,0.6171843394283986,1.9565741210882002,0.937757386303964,0.0052503788783476585,100645.0,0.6161633333333333,0.6193866666666665,0.6223333333333333,0.6285033333333333,0.6132166666666665,0.6099933333333333,0.6038233333333333
2024-02-20 22:00:00,0.61606,0.61978,0.61596,0.618,48915,0.6131949874994362,,,51.38332910520045,,,,0.6048741562588545,0.6115465,0.6182188437411454,2.1821214711049604,0.9836006844344715,0.005177279815509398,149560.0,0.6179133333333332,0.6198666666666665,0.6217333333333332,0.6255533333333333,0.6160466666666664,0.6140933333333332,0.6102733333333331
2024-02-21 22:00:00,0.61782,0.62181,0.61764,0.61947,57589,0.6137926077375851,,,52.8298165648182,,,,0.6044578068236954,0.6119640000000001,0.6194701931763047,2.453148608841249,0.9999871322053541,0.005126583336332997,207149.0,0.61964,0.62164,0.62381,0.62798,0.61747,0.61547,0.6113
2024-02-22 22:00:00,0.61942,0.62112,0.61806,0.61973,49789,0.6143580736673389,,,53.08521513146426,,,,0.6043833602010077,0.6124915,0.6205996397989922,2.6475925948334877,0.94637242200114,0.005024070330016417,256938.0,0.6196366666666667,0.6212133333333334,0.6226966666666667,0.6257566666666666,0.6181533333333334,0.6165766666666668,0.6135166666666668
2024-02-25 22:00:00,0.6199,0.6199,0.61626,0.6173,50927,0.6146382571275922,,,50.44450380988927,,,,0.6043233044098335,0.6126955,0.6210676955901664,2.732905852961689,0.7749876033359889,0.004956354059538066,206011.0,0.6178199999999999,0.6193799999999998,0.6214599999999999,0.6250999999999999,0.6157399999999998,0.61418,0.61054
2024-02-26 22:00:00,0.61729,0.6178,0.61515,0.61708,46330,0.6148708040678216,,,50.210575807840335,,,,0.6042873266738545,0.6128695,0.6214516733261454,2.80065277392509,0.7453049967642115,0.004844985941118672,159681.0,0.6166766666666667,0.6182033333333333,0.6193266666666667,0.6219766666666667,0.6155533333333333,0.6140266666666666,0.6113766666666666
2024-02-27 22:00:00,0.6173,0.6178,0.6082,0.60984,54454,0.6143916798708862,,,43.364498112015525,,,,0.6040991582511842,0.612772,0.6214448417488158,2.830691268144032,0.33096659175175874,0.005071742712831786,105227.0,0.6119466666666667,0.6156933333333335,0.6215466666666668,0.6311466666666669,0.6060933333333335,0.6023466666666667,0.5927466666666666
2024-02-28 22:00:00,0.60992,0.61121,0.6077,0.60868,57040,0.6138477103593732,,,42.406161101877714,,,,0.6036706183218377,0.6124855,0.6213003816781624,2.87839685287647,0.2841434440675696,0.004998147638741517,48187.0,0.6091966666666667,0.6106933333333334,0.6127066666666667,0.6162166666666667,0.6071833333333334,0.6056866666666667,0.6021766666666667
2024-02-29 22:00:00,0.60841,0.61122,0.60787,0.61069,58706,0.613546976039433,,,44.600730404607305,,,,0.6042803599506749,0.612698,0.6211156400493251,2.747728913534924,0.3807266651796899,0.0049213569813962715,106893.0,0.6099266666666666,0.6119833333333332,0.6132766666666666,0.6166266666666665,0.6086333333333332,0.6065766666666667,0.6032266666666667
2024-03-03 22:00:00,0.611,0.61115,0.60882,0.60946,43141,0.6131577402261537,,,43.55023044258159,,,,0.6050063462381932,0.6128985,0.6207906537618069,2.575354242768371,0.28215705726361884,0.004801919440551641,63752.0,0.60981,0.6107999999999999,0.6121399999999999,0.6144699999999998,0.60847,0.60748,0.6051500000000001
2024-03-04 22:00:00,0.60966,0.61102,0.60711,0.60868,54384,0.6127312887760438,,,42.88755916334886,,,,0.6048581427846521,0.6128465000000001,0.620834857215348,2.606968373107446,0.23921421590943556,0.004761232407237755,9368.0,0.6089366666666667,0.6107633333333333,0.6128466666666667,0.6167566666666666,0.6068533333333334,0.6050266666666667,0.6011166666666667
2024-03-05 22:00:00,0.60906,0.61443,0.60689,0.61294,60913,0.6127511660354682,,,47.40881325808091,,,,0.6049753771851089,0.6129305,0.6208856228148912,2.595766670084517,0.5005970995182005,0.004886749512383447,70281.0,0.61142,0.6159499999999999,0.61896,0.6265,0.6084099999999999,0.60388,0.59634
2024-03-06 22:00:00,0.613,0.61763,0.61258,0.61741,63839,0.6131948645082808,,,51.57041152034142,,,,0.6052804283428813,0.613317,0.6213535716571187,2.6206909826790015,0.7546483858185032,0.0048940544729964034,134120.0,0.6158733333333334,0.6191666666666668,0.6209233333333334,0.6259733333333334,0.6141166666666668,0.6108233333333334,0.6057733333333334
2024-03-07 22:00:00,0.61752,0.6217,0.61614,0.6176,70174,0.6136144012217779,,,51.73833784865573,,,,0.6052248492598298,0.613451,0.6216771507401702,2.681925937090392,0.7521835625828946,0.004923586745993461,204294.0,0.61848,0.62082,0.62404,0.6296,0.61526,0.61292,0.60736
2024-03-10 21:00:00,0.61796,0.61826,0.61604,0.617,49195,0.6139368392006562,,,51.1588429286387,,,,0.6052864358229704,0.6136520000000001,0.6220175641770298,2.726484775419852,0.7001060495831765,0.004804718543884016,155099.0,0.6171000000000001,0.6181600000000002,0.6193200000000001,0.6215400000000001,0.6159400000000002,0.6148800000000001,0.6126600000000001
2024-03-11 21:00:00,0.61698,0.61848,0.61355,0.61504,64710,0.6140419021339271,,,49.29310179766862,,,,0.6064777877227143,0.6141,0.6217222122772856,2.4824010022099516,0.5616618880322496,0.004810181690312866,90389.0,0.61569,0.6178299999999999,0.62062,0.6255499999999999,0.6128999999999999,0.61076,0.60583
2024-03-12 21:00:00,0.61482,0.61702,0.61452,0.6157,45245,0.6141998162164103,,,49.929203117598384,,,,0.6072463979896257,0.6144565,0.6216666020103743,2.34682260188453,0.586233176604911,0.00471023051915805,135634.0,0.6157466666666666,0.6169733333333332,0.6182466666666666,0.6207466666666667,0.6144733333333331,0.6132466666666665,0.6107466666666664
2024-03-13 21:00:00,0.616,0.61752,0.61218,0.61306,55401,0.6140912622910379,0.6140386,,47.46532641182799,,,,0.607555215054185,0.6145795000000001,0.6216037849458151,2.2858832570286136,0.391839524469655,0.004737273603869001,80233.0,0.6142533333333332,0.6163266666666665,0.6195933333333332,0.6249333333333332,0.6109866666666665,0.6089133333333332,0.6035733333333332
2024-03-14 21:00:00,0.61312,0.6133,0.6081,0.60838,42608,0.6135473325490344,0.613816694117647,,43.52636339198116,,,,0.6068926780962118,0.6143745,0.6218563219037883,2.435589987471228,0.09939570354081358,0.004757001081133694,37625.0,0.6099266666666666,0.6117533333333333,0.6151266666666666,0.6203266666666666,0.6065533333333333,0.6047266666666666,0.5995266666666667
2024-03-17 21:00:00,0.60891,0.61004,0.60775,0.60855,39978,0.613071396115793,0.6136101570934256,,43.70192328816302,,,,0.6061612317242407,0.6140525,0.6219437682757593,2.570225925554983,0.15135515561530288,0.004652547785815353,77603.0,0.60878,0.60981,0.61107,0.61336,0.60752,0.60649,0.6042
2024-03-18 21:00:00,0.60888,0.60888,0.6034,0.60519,49135,0.612320786961908,0.6132799548544677,,41.09017587409639,,,,0.6047965979041573,0.61349,0.6221834020958427,2.8340811083612394,0.022626475314586024,0.004687351662882824,28468.0,0.6058233333333334,0.6082466666666667,0.6113033333333333,0.6167833333333332,0.6027666666666668,0.6003433333333335,0.5948633333333335
2024-03-19 21:00:00,0.60532,0.60854,0.60246,0.6081,57576,0.61191880725125,0.6130768193699788,,44.08411387860265,,,,0.6042578643137467,0.6129950000000001,0.6217321356862534,2.8506384835939405,0.2198738708097614,0.004745559079133505,86044.0,0.6063666666666666,0.6102733333333332,0.6124466666666666,0.6185266666666666,0.6041933333333332,0.6002866666666666,0.5942066666666667
2024-03-20 21:00:00,0.60808,0.6107,0.60384,0.6044,58333,0.6112027303701787,0.6127365519437051,,41.321840094637174,,,,0.6032717636047651,0.6122415,0.6212112363952349,2.9301301513324094,0.06289127938220827,0.004833400442491474,27711.0,0.6063133333333334,0.6087866666666667,0.6131733333333333,0.6200333333333333,0.6019266666666667,0.5994533333333334,0.5925933333333334
2024-03-21 21:00:00,0.6044,0.60522,0.59894,0.59928,48501,0.6100672322396855,0.6122088440243442,,37.92049930745888,,,,0.6012862906012508,0.611219,0.6211517093987491,3.2501310982640033,-0.10099412560602318,0.004893149020979454,-20790.0,0.6011466666666666,0.6033533333333332,0.6074266666666666,0.6137066666666665,0.5970733333333332,0.5948666666666667,0.5885866666666667
2024-03-24 21:00:00,0.60004,0.6013,0.5986,0.60035,40131,0.6091417815501917,0.6117437913175072,,39.00591301641181,,,,0.5997876910920502,0.6103715000000001,0.6209553089079499,3.4679892190083756,0.026564581467805447,0.0048030692864949745,19341.0,0.6000833333333334,0.6015666666666668,0.6027833333333333,0.6054833333333333,0.5988666666666669,0.5973833333333335,0.5946833333333336
2024-03-25 21:00:00,0.60034,0.60311,0.59962,0.60044,40762,0.6083130404501734,0.6113005053834873,,39.09856540050269,,,,0.5985862238234401,0.6095395000000001,0.6204927761765602,3.593951229267358,0.08462199558735571,0.004749424756064927,60103.0,0.6010566666666667,0.6024933333333333,0.6045466666666667,0.6080366666666667,0.5990033333333333,0.5975666666666667,0.5940766666666667
2024-03-26 21:00:00,0.60048,0.60108,0.59881,0.60044,39736,0.6075632270739664,0.6108746032115859,,39.098565400502686,,,,0.5974233513232916,0.6090695,0.6207156486767085,3.8242429399956603,0.1295127153383107,0.004648647582339342,60103.0,0.6001099999999999,0.6014099999999999,0.6023799999999999,0.6046499999999999,0.5991399999999999,0.5978399999999999,0.5955699999999999
2024-03-27 21:00:00,0.60058,0.60058,0.59566,0.59726,46053,0.6065819673526363,0.6103406972032884,,36.97480332662989,,,,0.595763071817171,0.6084985,0.6212339281828291,4.185853599582915,0.05877023376596271,0.004659622686490962,14050.0,0.5978333333333333,0.6000066666666667,0.6027533333333334,0.6076733333333334,0.5950866666666667,0.5929133333333333,0.5879933333333333
2024-03-28 21:00:00,0.59737,0.5989,0.59674,0.59798,10319,0.6057627323666709,0.60985596397963,,37.766570345054156,,,,0.5943817936741554,0.607863,0.6213442063258446,4.435606814642311,0.13345268364250346,0.0045589992079586045,24369.0,0.5978733333333334,0.5990066666666667,0.6000333333333333,0.6021933333333332,0.5968466666666667,0.5957133333333334,0.5935533333333335
2024-03-31 21:00:00,0.59832,0.5993,0.59396,0.59534,32991,0.6047700911888927,0.6092867104902328,,36.04878642327667,,,,0.5926447912087791,0.6071570000000001,0.621669208791221,4.780380952939996,0.0928600473572058,0.0045902966322811396,-8622.0,0.5962,0.5984399999999999,0.60154,0.60688,0.5930999999999998,0.5908599999999999,0.5855199999999999
2024-04-01 21:00:00,0.59522,0.59734,0.59434,0.59718,43049,0.6040472253613791,0.6088119375298314,,38.07942720555845,,,,0.5914583131479129,0.606582,0.621705686852087,4.986526752223803,0.18916309587888552,0.004526844502959245,34427.0,0.5962866666666666,0.5982333333333333,0.5992866666666666,0.6022866666666666,0.5952333333333333,0.5932866666666666,0.5902866666666666
2024-04-02 21:00:00,0.59714,0.60112,0.59526,0.60091,40304,0.6037484419936288,0.6085020576267008,,41.94520323168894,,,,0.5909595752947767,0.6059805,0.6210014247052233,4.957560418271979,0.33121877981863584,0.004579815118852808,74731.0,0.5990966666666667,0.6029333333333334,0.6049566666666667,0.6108166666666667,0.5970733333333335,0.5932366666666667,0.5873766666666668
2024-04-03 21:00:00,0.6008,0.60467,0.60065,0.60258,37408,0.6036371618037594,0.6082698200727126,,43.576717833895216,,,,0.5911104871270898,0.605239,0.6193675128729101,4.668738423303909,0.4058995088896334,0.004557660875746877,112139.0,0.6026333333333334,0.6046166666666667,0.6066533333333334,0.6106733333333334,0.6005966666666667,0.5986133333333333,0.5945933333333333
2024-04-04 21:00:00,0.60258,0.60313,0.59857,0.60134,59120,0.6034183844891157,0.6079980624228023,,42.655927572883726,,,,0.5914086048688694,0.604426,0.6174433951311307,4.307357767908941,0.3814663007109629,0.004557753088813982,53019.0,0.6010133333333334,0.6034566666666668,0.6055733333333334,0.6101333333333334,0.5988966666666667,0.5964533333333334,0.5918933333333334
2024-04-07 21:00:00,0.60122,0.60386,0.59998,0.60322,48364,0.6033994907282475,0.6078106874258297,,44.49540539767418,,,,0.5920655183459861,0.603737,0.6154084816540139,3.8664125783292667,0.47785199791569777,0.004531133374001148,101383.0,0.6023533333333333,0.6047266666666666,0.6062333333333333,0.6101133333333333,0.6008466666666666,0.5984733333333333,0.5945933333333333
2024-04-08 21:00:00,0.60318,0.60769,0.60312,0.60598,40320,0.6036452535160335,0.6077388957620717,,47.0738104415622,,,,0.5927551208573761,0.603284,0.613812879142624,3.4905215926906408,0.6280288226068501,0.004532654497472988,141703.0,0.6055966666666667,0.6080733333333334,0.6101666666666666,0.6147366666666666,0.6035033333333334,0.6010266666666667,0.5964566666666667
2024-04-09 21:00:00,0.60578,0.6083,0.5966,0.59748,70819,0.6030580865145065,0.6073365861243434,,41.00513935787045,,,,0.5932382595001293,0.602373,0.6115077404998708,3.0329183080485778,0.23217629991408736,0.004812206131537163,70884.0,0.6007933333333333,0.6049866666666666,0.6124933333333332,0.6241933333333332,0.5932866666666666,0.5890933333333334,0.5773933333333334
2024-04-10 21:00:00,0.598,0.60149,0.59694,0.59969,71149,0.6027373163702678,0.6070367200018201,,42.982205790561004,,,,0.593942205300623,0.6017045,0.6094667946993769,2.580101926901643,0.3702381139844042,0.004802012700471468,142033.0,0.5993733333333333,0.6018066666666666,0.6039233333333333,0.6084733333333332,0.5972566666666667,0.5948233333333334,0.5902733333333334
2024-04-11 21:00:00,0.6,0.60105,0.5934,0.59366,58101,0.6018728100492899,0.6065121427468467,,39.267779677199236,,,,0.5930870806481335,0.6009684999999999,0.6088499193518663,2.622905976558296,0.03634620404576994,0.004912381114647596,83932.0,0.5960366666666667,0.5986733333333333,0.6036866666666666,0.6113366666666665,0.5910233333333333,0.5883866666666667,0.5807366666666668
2024-04-14 21:00:00,0.59396,0.59536,0.58986,0.59034,59490,0.6007744471874528,0.6058779410704999,,37.42566533906978,,,,0.5916975033640357,0.600058,0.6084184966359643,2.7865628442464816,-0.0811855696583961,0.00493508419301892,24442.0,0.5918533333333333,0.5938466666666666,0.5973533333333333,0.6028533333333332,0.5883466666666667,0.5863533333333334,0.5808533333333334
2024-04-15 21:00:00,0.5904,0.59074,0.58684,0.58807,68922,0.5995644998362668,0.6051795904402842,,36.2237210764767,,,,0.5896919051529459,0.599202,0.6087120948470541,3.1742533726703575,-0.08527281688722169,0.004895209461960002,-44480.0,0.58855,0.59026,0.59245,0.59635,0.58636,0.58465,0.58075
2024-04-16 21:00:00,0.58814,0.59254,0.58604,0.59168,61968,0.5988135950899557,0.6046501947367438,,39.42422510974168,,,,0.5892581190953754,0.5983809999999999,0.6075038809046245,3.049188027235003,0.1327366283712469,0.004956857927294558,17488.0,0.5900866666666666,0.5941333333333333,0.5965866666666666,0.6030866666666665,0.5876333333333333,0.5835866666666667,0.5770866666666667
2024-04-17 21:00:00,0.59156,0.59332,0.5899,0.59024,46702,0.5979970622242456,0.6040850890607931,,38.62439195055309,,,,0.588333224627971,0.597673,0.607012775372029,3.125379721696986,0.10207822437247516,0.004897978145188142,-29214.0,0.5911533333333333,0.5924066666666666,0.5945733333333333,0.5979933333333333,0.5889866666666667,0.5877333333333333,0.5843133333333334
2024-04-18 21:00:00,0.5904,0.59066,0.58524,0.58882,79311,0.597123056298127,0.6034864581172326,,37.84123174350979,,,,0.5870854125767642,0.5971500000000001,0.607214587423236,3.370874126512904,0.08617280323042546,0.00491792592371077,-108525.0,0.58824,0.59124,0.59366,0.59908,0.58582,0.58282,0.5774
2024-04-21 21:00:00,0.58871,0.59285,0.58865,0.59198,42290,0.5966332414125911,0.6030352244655764,,40.61327698172687,,,,0.5865387020033772,0.5967315,0.6069242979966227,3.416209131451167,0.2669187596195685,0.0048905605196595085,-66235.0,0.59116,0.59367,0.59536,0.59956,0.58947,0.58696,0.5827600000000001
2024-04-22 21:00:00,0.59201,0.59484,0.59024,0.59324,43825,0.5963100755637729,0.6026510980159461,,41.68597542030833,,,,0.5862195420115154,0.5963714999999999,0.6065234579884845,3.404575164468645,0.3457686682927551,0.004879511685241241,-22410.0,0.5927733333333334,0.5953066666666668,0.5973733333333334,0.6019733333333335,0.5907066666666667,0.5881733333333333,0.5835733333333333
2024-04-23 21:00:00,0.59364,0.59522,0.59206,0.5936,45997,0.5960519731291278,0.6022961529957129,,41.995648941167936,,,,0.5859885787773256,0.5960295,0.6060704212226744,3.3692698843511657,0.37902006468720845,0.004814276452429595,23587.0,0.5936266666666666,0.5951933333333332,0.5967866666666666,0.5999466666666665,0.5920333333333333,0.5904666666666667,0.5873066666666668
2024-04-24 21:00:00,0.59326,0.5969,0.592,0.59486,50884,0.5959384518787347,0.6020045391527438,,43.08988697397606,,,,0.585872906006022,0.5959095,0.6059460939939779,3.3684960531684554,0.4477163268420723,0.0048175214355763545,74471.0,0.5945866666666667,0.5971733333333334,0.5994866666666667,0.6043866666666667,0.5922733333333334,0.5896866666666667,0.5847866666666667
2024-04-25 21:00:00,0.59484,0.59697,0.59291,0.59397,51682,0.5957509802712362,0.6016894591859696,,42.50398680973999,,,,0.5856856594390916,0.595709,0.6057323405609085,3.3651801671314274,0.4132524735923754,0.004788907411174149,22789.0,0.5946166666666667,0.5963233333333333,0.5986766666666666,0.6027366666666666,0.5922633333333334,0.5905566666666667,0.5864966666666668
2024-04-28 21:00:00,0.5955,0.59848,0.59421,0.59777,55146,0.5959432678644518,0.6015357549041669,,45.76140517951386,,,,0.5857691571969765,0.5958305,0.6058918428030236,3.377250007518416,0.5963837550300517,0.00477839382675274,77935.0,0.59682,0.59943,0.60109,0.60536,0.59516,0.59255,0.58828
2024-04-29 21:00:00,0.59792,0.59816,0.58862,0.5887,43646,0.5952534328297422,0.6010323919667486,,40.14550156743109,,,,0.5849033532810423,0.5954065,0.6059096467189576,3.528059139078156,0.18073853581922125,0.0049575305386463315,34289.0,0.5918266666666667,0.5950333333333334,0.6013666666666667,0.6109066666666667,0.5854933333333334,0.5822866666666667,0.5727466666666667
2024-04-30 21:00:00,0.58915,0.59401,0.58746,0.59298,49161,0.5950369154173858,0.6007166118896213,,43.52855555694928,,,,0.584772465140477,0.59501,0.6052475348595231,3.441130353951381,0.4008550384513826,0.005017326922581863,83450.0,0.5914833333333332,0.5955066666666665,0.5980333333333333,0.6045833333333334,0.5889566666666665,0.5849333333333332,0.5783833333333331
2024-05-01 21:00:00,0.5926,0.5968,0.59143,0.59618,51911,0.59514578061573,0.6005387055410089,,45.893865757114064,,,,0.5850354508132204,0.59469,0.6043445491867797,3.246918289118586,0.5771656952165257,0.005030545351399102,135361.0,0.5948033333333332,0.5981766666666665,0.6001733333333332,0.6055433333333332,0.5928066666666665,0.5894333333333333,0.5840633333333333
2024-05-02 21:00:00,0.59596,0.60488,0.59559,0.60101,35631,0.5957042776999462,0.6005571876766557,,49.215205605383595,,,,0.5850634421958061,0.5946735,0.6042835578041938,3.2320450816099537,0.8296806392379239,0.005189911129183404,170992.0,0.6004933333333333,0.6053966666666667,0.6097833333333333,0.6190733333333334,0.5961066666666667,0.5912033333333333,0.5819133333333333
2024-05-05 21:00:00,0.60172,0.6032,0.59954,0.60106,31525,0.5962143464904275,0.600576905806983,,49.24856830911646,,,,0.5852996757517235,0.5945655,0.6038313242482765,3.116838850648579,0.8504545211511051,0.005132767283625564,202517.0,0.6012666666666666,0.6029933333333333,0.6049266666666666,0.6085866666666666,0.5993333333333333,0.5976066666666666,0.5939466666666666
2024-05-06 21:00:00,0.60125,0.6025,0.59952,0.60023,33733,0.5965967896818154,0.6005633016576896,,48.69917859857828,,,,0.5861611025631743,0.594278,0.6023948974368256,2.731683635209664,0.8666425531630086,0.005052490480166791,168784.0,0.60075,0.60198,0.60373,0.60671,0.599,0.59777,0.59479
2024-05-07 21:00:00,0.60028,0.6005,0.5981,0.60044,26875,0.5969628097121187,0.6005584662985646,,48.84853006434849,,,,0.585979705191035,0.594426,0.602872294808965,2.841832224352559,0.8560140947020137,0.004953734589018728,195659.0,0.5996799999999999,0.6012599999999998,0.60208,0.60448,0.5988599999999997,0.5972799999999998,0.5948799999999997
2024-05-08 21:00:00,0.60035,0.60354,0.59926,0.60346,32394,0.5975815897395359,0.600672251933915,,50.971972519817,,,,0.5855603043427399,0.5946145,0.6036686956572602,3.0454002239300175,0.9884751961874778,0.004928688515292657,228053.0,0.6020866666666667,0.6049133333333333,0.6063666666666666,0.6106466666666666,0.6006333333333334,0.5978066666666667,0.5935266666666668
2024-05-09 21:00:00,0.60318,0.604,0.60088,0.60196,30113,0.5979985811929135,0.6007227518580752,,49.907448853535854,,,,0.5854431232600659,0.5950295000000001,0.6046158767399343,3.2221517554790915,0.8614765092179915,0.004861548616814227,197940.0,0.60228,0.6036800000000001,0.6054,0.6085200000000001,0.6005600000000001,0.59916,0.59604
2024-05-12 21:00:00,0.60167,0.60311,0.60004,0.60172,31746,0.5983530020316836,0.6007618596283468,,49.73552591134576,,,,0.5858436114306746,0.5955985,0.6053533885693254,3.2756592131529483,0.8137657573685306,0.004795138368985341,166194.0,0.6016233333333333,0.6032066666666666,0.6046933333333333,0.6077633333333333,0.6001366666666665,0.5985533333333333,0.5954833333333333
2024-05-13 21:00:00,0.6017,0.60427,0.5995,0.60414,35716,0.5989041446953328,0.6008943357213528,,51.479039106187,,,,0.5866126596749341,0.596402,0.6061913403250658,3.282799294793057,0.8952258141535179,0.004794207784485638,201910.0,0.6026366666666667,0.6057733333333334,0.6074066666666667,0.6121766666666666,0.6010033333333334,0.5978666666666668,0.5930966666666668
2024-05-14 21:00:00,0.60373,0.61246,0.60364,0.61221,36563,0.6001713690100631,0.6013380872616919,,56.66452100224481,,,,0.5857180136309389,0.5974285,0.6091389863690612,3.920297196756142,1.1311223775919514,0.0049430424285610884,238473.0,0.6094366666666667,0.6152333333333335,0.6182566666666668,0.6270766666666668,0.6064133333333335,0.6006166666666667,0.5917966666666666
2024-05-15 21:00:00,0.61177,0.61404,0.60954,0.6122,38107,0.6013169529138666,0.6017640446239785,,56.65675922489336,,,,0.5856572494002186,0.5985265,0.6113957505997814,4.300311047140399,1.0312469399046544,0.004926683574815383,200366.0,0.6119266666666667,0.6143133333333335,0.6164266666666668,0.6209266666666668,0.6098133333333334,0.6074266666666667,0.6029266666666666
2024-05-16 21:00:00,0.61194,0.61396,0.61011,0.6134,29497,0.6024677193030221,0.6022203565995088,,57.381450653635184,-0.004920769839221628,,,0.5861548816684689,0.5997554999999999,0.6133561183315309,4.535387614296504,1.0016132232888004,0.004886976250077281,229863.0,0.61249,0.6148699999999999,0.6163399999999999,0.6201899999999998,0.61102,0.6086400000000001,0.6047900000000002
2024-05-19 21:00:00,0.61315,0.61377,0.60966,0.6106,28366,0.6032422222265438,0.6025489700661948,,55.155474972537796,-0.004647618282560773,,,0.5867962613051473,0.6006865,0.6145767386948527,4.624788036638988,0.8568513190372186,0.004858355261935226,201497.0,0.6113433333333333,0.6130266666666667,0.6154533333333334,0.6195633333333335,0.6089166666666667,0.6072333333333333,0.6031233333333332
2024-05-20 21:00:00,0.61078,0.61106,0.60874,0.60916,38093,0.6038058201097302,0.6028082261420303,,54.040170811248714,-0.004416191357750954,,,0.5875658109181822,0.6014825,0.6153991890818179,4.62746267158824,0.7758378790696218,0.004764956258814286,163404.0,0.6096533333333333,0.6105666666666666,0.6119733333333334,0.6142933333333335,0.6082466666666665,0.6073333333333332,0.6050133333333331
2024-05-21 21:00:00,0.60932,0.61526,0.60828,0.60966,45244,0.6043633610516606,0.6030769231560684,,54.371584808967825,-0.004184971920615066,,,0.5884275586305183,0.6022855,0.6161434413694817,4.601784824466705,0.766074873726925,0.00484637099318442,208648.0,0.6110666666666668,0.6138533333333335,0.6180466666666667,0.6250266666666667,0.6068733333333335,0.6040866666666668,0.5971066666666668
2024-05-22 21:00:00,0.6094,0.61338,0.60922,0.60994,50751,0.604894469522931,0.603346063424458,,54.56139899935119,-0.003958585496357969,,,0.5892388065753928,0.6030395000000001,0.6168401934246073,4.577044596450883,0.750005553622983,0.0048211694156829465,259399.0,0.6108466666666666,0.6124733333333333,0.6150066666666667,0.6191666666666668,0.6083133333333333,0.6066866666666666,0.6025266666666665
2024-05-23 21:00:00,0.60988,0.61267,0.60875,0.61211,37358,0.6055816629016996,0.6036897472117341,,56.02794279126615,-0.0036987559726269215,,,0.5902654119219266,0.6039464999999999,0.6176275880780733,4.53056291511693,0.7983498079032082,0.004788114204612419,296757.0,0.6111766666666667,0.6136033333333334,0.6150966666666667,0.6190166666666668,0.6096833333333334,0.6072566666666667,0.6033366666666666
2024-05-26 21:00:00,0.61188,0.61538,0.61175,0.61498,21347,0.6064767426253472,0.6041325022230386,,57.88756964842013,-0.003393590004322933,,,0.5906320882189693,0.604807,0.6189819117810307,4.687416574553766,0.8588382120872812,0.004745675167235996,318104.0,0.6140366666666667,0.6163233333333333,0.6176666666666667,0.6212966666666667,0.6126933333333333,0.6104066666666667,0.6067766666666666
2024-05-27 21:00:00,0.61505,0.61704,0.61376,0.6141,34530,0.6072027671372189,0.6045233844888018,,57.121318251584185,-0.003121833133190033,,,0.5934333690341735,0.6060770000000001,0.6187206309658266,4.172285358403815,0.8172743661090953,0.0046920155128305115,283574.0,0.6149666666666667,0.6161733333333334,0.6182466666666667,0.6215266666666668,0.6128933333333333,0.6116866666666666,0.6084066666666665
2024-05-28 21:00:00,0.61433,0.61482,0.61116,0.61153,44303,0.6076148845527218,0.604798153724535,,54.92483239556421,-0.0029158239259228225,,,0.5956880898359944,0.6070045000000001,0.6183209101640057,3.7286083262992746,0.6999529857266185,0.004654266364614986,239271.0,0.6125033333333333,0.6138466666666665,0.6161633333333333,0.6198233333333333,0.6101866666666665,0.6088433333333333,0.6051833333333333
2024-05-29 21:00:00,0.61167,0.61314,0.60888,0.61149,45181,0.6079839431667483,0.605060579068671,,54.89084794491741,-0.0027206515282471866,,,0.5974594636414969,0.60777,0.6180805363585031,3.3929073032571853,0.6803979866155102,0.00463985730363401,194090.0,0.61117,0.61346,0.61543,0.6196900000000001,0.6092,0.60691,0.6026499999999999
2024-05-30 21:00:00,0.6115,0.61658,0.6113,0.61436,46501,0.608591186674677,0.6054252622424486,,56.87155599118389,-0.0024770480437669162,,,0.5982359787899051,0.6084375000000001,0.6186390212100951,3.353350577535075,0.7902753362968696,0.004663232833506866,240591.0,0.61408,0.61686,0.61936,0.6246400000000001,0.6115799999999999,0.6087999999999999,0.6035199999999998
2024-06-02 21:00:00,0.61364,0.61932,0.61336,0.61926,53290,0.6096072641342316,0.6059678009780389,,59.975535015639714,-0.002147151609855791,,,0.5987033262415525,0.6093474999999999,0.6199916737584473,3.4936300742835233,0.9656303168732743,0.004710547804801392,293881.0,0.6173133333333333,0.6212666666666665,0.6232733333333332,0.6292333333333332,0.6153066666666666,0.6113533333333333,0.6053933333333333
2024-06-03 21:00:00,0.61932,0.61982,0.61556,0.61769,60512,0.6103770485024,0.6064274950573316,,58.5781456414154,-0.001867148204879432,,,0.5998501760417032,0.6102205,0.6205908239582969,3.3988776051597234,0.8601382189234255,0.0046941214176359726,233369.0,0.6176900000000001,0.6198200000000001,0.6219500000000001,0.6262100000000002,0.6155600000000001,0.61343,0.60917
2024-06-04 21:00:00,0.61764,0.61984,0.61706,0.61926,56291,0.6112230438831239,0.6069307305452795,,59.55302880102824,-0.001570829291343001,,,0.6011010541351275,0.6111614999999999,0.6212219458648723,3.2922380957807147,0.9024921016809634,0.004624386950790104,289660.0,0.61872,0.62038,0.6214999999999999,0.6242799999999998,0.6176000000000001,0.6159400000000002,0.6131600000000003
2024-06-05 21:00:00,0.61923,0.62155,0.61738,0.62002,44817,0.6120608492275882,0.6074440352297783,,60.02417711356527,-0.0012757930476852142,,,0.6018750440581299,0.6119895,0.6221039559418701,3.305434469666589,0.8969813129916733,0.004607844782007093,334477.0,0.61965,0.62192,0.62382,0.62799,0.61775,0.61548,0.61131
2024-06-06 21:00:00,0.61984,0.62036,0.6102,0.6103,55917,0.6118931493011511,0.6075560338482184,,52.008793013395156,-0.0011938826752628806,,,0.6033478372399655,0.6124065,0.6214651627600344,2.9583823032689627,0.3837300793835929,0.004809833970198336,278560.0,0.61362,0.6170400000000001,0.6237800000000001,0.6339400000000002,0.6068800000000001,0.60346,0.5932999999999999
2024-06-09 21:00:00,0.61056,0.61287,0.60994,0.61287,44203,0.6119861827010415,0.6077644246777001,,53.699896559941976,-0.0010640225146133497,,,0.6053469890376842,0.612964,0.6205810109623157,2.4853045080349605,0.49382960058315645,0.00474149052636845,322763.0,0.6118933333333333,0.6138466666666665,0.6148233333333333,0.6177533333333333,0.6109166666666666,0.6089633333333333,0.6060333333333333
2024-06-10 21:00:00,0.6128,0.61501,0.61178,0.6144,43975,0.6122160700628472,0.6080246433177903,,54.68333689164838,-0.000910232969619007,,,0.6070112437410585,0.6134769999999999,0.6199427562589414,2.107905026249204,0.5713760280341222,0.004686573862623845,366738.0,0.6137299999999999,0.6156799999999998,0.6169599999999998,0.6201899999999998,0.6124499999999998,0.6104999999999999,0.60727
2024-06-11 21:00:00,0.61411,0.6222,0.61346,0.61855,71187,0.6128193014854332,0.6084374024033672,,57.23229070348972,-0.0006811752691607831,,,0.606994731215782,0.613794,0.6205932687842179,2.2154888396491312,0.8497434908765044,0.004833755100335998,437925.0,0.61807,0.62268,0.62681,0.63555,0.61394,0.60933,0.6005900000000001
2024-06-12 21:00:00,0.61848,0.6199,0.61601,0.61684,50477,0.6132022251534872,0.6087669160346078,,55.8922231327695,-0.0004999618600248779,,,0.6071439787852664,0.614026,0.6209080212147335,2.241605799993349,0.7044457516329402,0.004799507454982574,387448.0,0.6175833333333334,0.6191566666666668,0.6214733333333334,0.6253633333333335,0.6152666666666667,0.6136933333333333,0.6098033333333333
2024-06-13 21:00:00,0.617,0.61708,0.6116,0.61416,62201,0.613293441805536,0.6089784095234466,,53.8480508429712,-0.0003834380394417414,,,0.6071878342079294,0.614064,0.6209401657920707,2.2395599781360316,0.506980634477334,0.004824187468001417,325247.0,0.61428,0.6169600000000001,0.61976,0.6252399999999999,0.6114800000000001,0.6088000000000001,0.6033200000000002
2024-06-16 21:00:00,0.61333,0.61408,0.61048,0.6131,42918,0.6132750187764374,0.6091400405225271,,53.054125615701345,-0.00029506172741533554,,,0.6074804117729552,0.614189,0.6208975882270448,2.1845354531080132,0.4188353821143883,0.004782713188633126,282329.0,0.6125533333333333,0.6146266666666665,0.6161533333333332,0.6197533333333332,0.6110266666666666,0.6089533333333333,0.6053533333333334
2024-06-17 21:00:00,0.61268,0.61484,0.6097,0.61442,52972,0.6133840646072529,0.6093470977569378,,53.929163853821365,-0.0001851310562376307,,,0.6081527155961931,0.614452,0.6207512844038069,2.0503747742075515,0.4974600289533925,0.004795657143989618,335301.0,0.6129866666666667,0.6162733333333333,0.6181266666666667,0.6232666666666667,0.6111333333333333,0.6078466666666666,0.6027066666666666
2024-06-18 21:00:00,0.61436,0.61459,0.61282,0.61316,26596,0.6133627251208479,0.6094966233350971,,52.95450554997837,-0.0001071548367902464,,,0.6086856462821976,0.614627,0.6205683537178025,1.9333201170148615,0.3765432871296378,0.0046860985414599625,308705.0,0.6135233333333333,0.6142266666666666,0.6152933333333332,0.6170633333333332,0.6124566666666666,0.6117533333333334,0.6099833333333334
2024-06-19 21:00:00,0.61304,0.6148,0.61116,0.61198,44593,0.6132310370141004,0.6095940106552894,,52.04327548226821,-5.7646644242459466e-05,,,0.6090487010642004,0.614729,0.6204092989357995,1.848066037489553,0.25802329850329936,0.004648238228677047,264112.0,0.6126466666666667,0.6141333333333333,0.6162866666666666,0.6199266666666666,0.6104933333333333,0.6090066666666667,0.6053666666666667
2024-06-20 21:00:00,0.61196,0.61346,0.61092,0.6118,41090,0.6130947477746623,0.6096805200413565,,51.902338229248485,-1.4725401595083731e-05,,,0.609003087493005,0.6147135,0.620423912506995,1.8579102320007612,0.2448958375221487,0.0045719734697991146,223022.0,0.61206,0.6132000000000001,0.6146,0.61714,0.6106600000000001,0.6095200000000001,0.6069800000000001
2024-06-23 21:00:00,0.61176,0.61404,0.61048,0.61249,37652,0.613037152748504,0.6097906957260092,,52.41336775505487,3.9543954606591214e-05,,,0.6087992335107497,0.6145889999999999,0.6203787664892502,1.8841100277584617,0.3187318949825399,0.004535382538667957,260674.0,0.6123366666666666,0.6141933333333333,0.6158966666666666,0.6194566666666667,0.6106333333333333,0.6087766666666666,0.6052166666666666
2024-06-24 21:00:00,0.61244,0.61306,0.61078,0.61214,39925,0.6129517096295989,0.6098828253053814,,52.12277035112437,8.342245231796053e-05,,,0.6086058767217631,0.6144909999999999,0.6203761232782367,1.915446533224005,0.30025906944941144,0.004453868597742673,220749.0,0.6119933333333334,0.6132066666666668,0.6142733333333334,0.6165533333333335,0.6109266666666667,0.6097133333333333,0.6074333333333333
2024-06-25 21:00:00,0.612,0.61284,0.60741,0.60824,46477,0.6125029753791609,0.6098184007836018,,48.99170563869518,4.5800698156850395e-05,,,0.6079556342032622,0.6143265,0.6206973657967378,2.074097665244083,0.022317672810142884,0.004489132816331048,174272.0,0.6094966666666667,0.6115833333333334,0.6149266666666667,0.6203566666666668,0.6061533333333333,0.6040666666666666,0.5986366666666666
2024-06-26 21:00:00,0.60817,0.61088,0.60687,0.60826,41948,0.6120988824859074,0.6097572870273821,,49.0079557231233,1.0823981320684517e-05,,,0.6073653720689993,0.614165,0.6209646279310006,2.2142674789350227,0.06578506501230338,0.0044718305533406446,216220.0,0.60867,0.6104700000000001,0.61268,0.61669,0.6064600000000001,0.6046600000000001,0.6006500000000001
2024-06-27 21:00:00,0.60872,0.61051,0.60576,0.60916,54858,0.611818988915821,0.6097338640067005,,49.753132958052284,-3.864496819105945e-06,,,0.6067658866096662,0.613905,0.6210441133903338,2.325803956746987,0.16767582047200524,0.004481871713443146,271078.0,0.6084766666666667,0.6111933333333334,0.6132266666666667,0.6179766666666667,0.6064433333333333,0.6037266666666666,0.5989766666666666
2024-06-30 21:00:00,0.6099,0.61076,0.60651,0.60756,51714,0.611413370923838,0.6096486144378103,,48.450984527121804,-4.997613092538877e-05,,,0.606114818531082,0.6133200000000001,0.6205251814689182,2.3495667739249106,0.10028765237574434,0.004473504979931888,219364.0,0.6082766666666667,0.6100433333333334,0.6125266666666667,0.6167766666666666,0.6057933333333334,0.6040266666666667,0.5997766666666667
2024-07-01 21:00:00,0.60756,0.60828,0.60476,0.60782,48749,0.6110711451215677,0.6095769040677002,,48.67678794399427,-8.80002297599658e-05,,,0.6055346490004224,0.6128264999999999,0.6201183509995775,2.3797440220282646,0.15670582131409547,0.0044391119188993446,268113.0,0.6069533333333333,0.6091466666666667,0.6104733333333334,0.6139933333333335,0.6056266666666666,0.6034333333333333,0.5999133333333332
2024-07-02 21:00:00,0.60772,0.6129,0.60697,0.61034,45742,0.611001512252847,0.6096068293983786,,50.83605952105453,-7.274788395250642e-05,,,0.6056474487600318,0.6123805000000001,0.6191135512399684,2.198976368440294,0.3484713744722867,0.004492869335296538,313855.0,0.61007,0.61317,0.616,0.62193,0.60724,0.60414,0.59821
2024-07-03 21:00:00,0.61043,0.61228,0.61012,0.61166,27539,0.6110642253716235,0.6096873458925599,,51.93189926937145,-3.1697449370926556e-05,,,0.6062121508801607,0.6119625,0.6177128491198393,1.8793142128281695,0.473697249184721,0.004408781182717878,341394.0,0.6113533333333333,0.6125866666666666,0.6135133333333334,0.6156733333333334,0.6104266666666666,0.6091933333333333,0.6070333333333332
2024-07-04 21:00:00,0.61182,0.6149,0.6106,0.61454,54007,0.611395251526707,0.609877646053636,,54.234306931707536,6.506185637367157e-05,0.001529251520284843,-0.0014641896639111713,0.6063725469667501,0.6121745,0.6179764530332498,1.8955226110364998,0.7038537701394529,0.004404861466804221,395401.0,0.6133466666666667,0.6160933333333334,0.6176466666666667,0.6219466666666666,0.6117933333333334,0.6090466666666667,0.6047466666666668
2024-07-07 21:00:00,0.61374,0.61537,0.61234,0.61253,44275,0.6115033228098777,0.6099816599338855,,52.42145974849219,0.00011530592385189387,0.0014941174478839807,-0.0013788115240320868,0.6063618089281746,0.6121575,0.6179531910718254,1.8935293847826502,0.5321359433571978,0.004355336824447768,351126.0,0.6134133333333334,0.6144866666666667,0.6164433333333333,0.6194733333333333,0.6114566666666668,0.6103833333333334,0.6073533333333334
2024-07-08 21:00:00,0.61246,0.61328,0.61122,0.61252,41235,0.611600149208937,0.6100812026815763,,52.41244302598707,0.000162206520863295,0.0014577197721983343,-0.0012955132513350392,0.6063560302453682,0.6120635,0.6177709697546317,1.864992686096056,0.5399914515210097,0.004272680629484688,309891.0,0.61234,0.61346,0.6144000000000001,0.6164600000000001,0.6113999999999999,0.6102799999999999,0.6082199999999999
2024-07-09 21:00:00,0.61271,0.6132,0.6065,0.60816,46423,0.611272515950943,0.6100058613999458,,48.63903079857109,0.00011806647027878814,0.0013371700069319988,-0.0012191035366532106,0.6064324233352092,0.6115440000000001,0.616655576664791,1.6716954674695181,0.16898667261420344,0.00436006369719296,263468.0,0.6092866666666666,0.6120733333333332,0.6159866666666666,0.6226866666666665,0.6053733333333333,0.6025866666666667,0.5958866666666668
2024-07-10 21:00:00,0.60832,0.61348,0.60791,0.60954,64398,0.6111075144318056,0.6099875923254381,,49.82188188340231,0.0001043745721638345,0.0012519387515836913,-0.0011475641794198568,0.6066195048525047,0.611179,0.6157384951474953,1.4920326606428944,0.320265188690856,0.004403608756199858,327866.0,0.61031,0.6127100000000001,0.6158800000000001,0.6214500000000002,0.60714,0.6047399999999999,0.5991699999999999
2024-07-11 21:00:00,0.60987,0.61261,0.60764,0.61188,62228,0.6111810844859193,0.6100618043911072,,51.7702538229306,0.000138687253970593,0.001216724328882858,-0.001078037074912265,0.6066994507791077,0.611065,0.6154305492208922,1.428833011510158,0.5933444978812348,0.004423987310867792,390094.0,0.61071,0.61378,0.61568,0.62065,0.60881,0.60574,0.6007699999999999
2024-07-14 21:00:00,0.61085,0.61127,0.6073,0.60752,54833,0.6108324097729746,0.6099621257875344,,48.16540851001197,8.274182482093106e-05,0.0010980340943422125,-0.0010152922695212815,0.6062658433655422,0.6107859999999999,0.6153061566344576,1.4801114087283291,0.13872933350330446,0.004429599102574565,335261.0,0.6086966666666666,0.6100933333333332,0.6126666666666666,0.6166366666666666,0.6061233333333331,0.6047266666666665,0.6007566666666665
2024-07-15 21:00:00,0.60763,0.6079,0.60364,0.60496,52722,0.6102731326517389,0.6097659639919448,,46.21094346568643,-2.1589609736749615e-05,0.0009399890024988815,-0.0009615786122356312,0.605446362146201,0.610313,0.615179637853799,1.594800652713948,-0.04996900948991245,0.004423500166428108,282539.0,0.6055,0.6073600000000001,0.6097600000000001,0.6140200000000001,0.6031000000000001,0.60124,0.59698
2024-07-16 21:00:00,0.60498,0.60976,0.60336,0.60823,49164,0.6100785485896685,0.6097057301099078,,48.948315225541116,-5.353438079946926e-05,0.0008589607594666396,-0.0009124951402661089,0.605303327632761,0.6100665,0.614829672367239,1.5615256262191088,0.30721881779553933,0.0044945593525963,331703.0,0.6071166666666666,0.6108733333333333,0.6135166666666666,0.6199166666666666,0.6044733333333333,0.6007166666666667,0.5943166666666667
2024-07-17 21:00:00,0.6079,0.60838,0.60436,0.60448,64407,0.6095453534858906,0.6095007995173625,,46.161388857412085,-0.00015924009619450175,0.0007125385552028716,-0.0008717786513973734,0.604434617749081,0.6096915,0.6149483822509191,1.7244400654819776,0.0043164606655453075,0.004477502034670678,267296.0,0.6057400000000001,0.6071200000000001,0.6097600000000001,0.6137800000000001,0.6031000000000001,0.60172,0.5977
2024-07-18 21:00:00,0.60493,0.60499,0.60056,0.60089,54233,0.608721034106282,0.6091631211049169,,43.69744811197842,-0.00033091673386620446,0.0005116261382051597,-0.0008425428720713642,0.6027390774938332,0.609146,0.6155529225061668,2.1035753353602624,-0.14430309497682683,0.004475795037150579,213063.0,0.6021466666666667,0.6037333333333335,0.6065766666666668,0.6110066666666668,0.5993033333333334,0.5977166666666667,0.5932866666666666
2024-07-21 21:00:00,0.60178,0.6028,0.59718,0.59788,50611,0.6076885546675885,0.6087206457674692,,41.763930804943115,-0.0005527077122521318,0.00027416839442359815,-0.0008268761066757299,0.6005375422062552,0.6084155,0.6162934577937448,2.589663739252134,-0.16866948743780882,0.004516903245762361,162452.0,0.5992866666666666,0.6013933333333332,0.6049066666666666,0.6105266666666666,0.5957733333333333,0.5936666666666667,0.5880466666666667
2024-07-22 21:00:00,0.59795,0.59816,0.59506,0.5956,44919,0.6065372637468658,0.6082061106393332,,40.36440113416694,-0.0008066454121562483,1.913714346437451e-05,-0.0008257825556206228,0.5981333674784528,0.6075885000000001,0.6170436325215474,3.1123474264398623,-0.13396784617664004,0.004466008562779374,117533.0,0.5962733333333334,0.5974866666666668,0.5993733333333334,0.6024733333333334,0.5943866666666668,0.5931733333333334,0.5900733333333334
2024-07-23 21:00:00,0.59585,0.59602,0.59137,0.59302,56399,0.6052499052947833,0.6076105768887711,,38.84078063095516,-0.0010966275809808357,-0.0002562047537191202,-0.0008404228272617155,0.5954500488355248,0.6068275,0.6182049511644752,3.7498139634328354,-0.1067923210741757,0.0044726161156436175,61134.0,0.5934699999999999,0.5955699999999999,0.59812,0.60277,0.5909199999999999,0.5888199999999999,0.5841699999999999
2024-07-24 21:00:00,0.5932,0.5936,0.58812,0.58873,69716,0.6036765809809944,0.6068701621088193,,36.47264589525548,-0.001454764310094725,-0.0005811338351123062,-0.0008736304749824188,0.5920406532990655,0.605851,0.6196613467009345,4.5589911383936,-0.1198613391379061,0.004508786410757906,-8582.0,0.59015,0.5921799999999999,0.59563,0.60111,0.5866999999999999,0.5846699999999999,0.5791899999999999
2024-07-25 21:00:00,0.58901,0.59056,0.5883,0.58874,49072,0.602254049458995,0.6061591753594539,,36.48198448601286,-0.0017897740803981543,-0.0008666223294473175,-0.0009231517509508369,0.5892440037212885,0.60483,0.6204159962787115,5.153843651509181,-0.016168479456679142,0.004428058750209766,40490.0,0.5892000000000001,0.5901000000000001,0.59146,0.5937199999999999,0.5878400000000001,0.5869400000000001,0.5846800000000002
2024-07-28 21:00:00,0.58907,0.59006,0.58578,0.5876,42281,0.6008584257009955,0.6054313645610438,,35.86031045008028,-0.002126003730741788,-0.001137832953856305,-0.0009881707768854828,0.5866034404548723,0.6038319999999999,0.6210605595451275,5.7064082543249075,0.02892173145750628,0.004422744667385469,-1791.0,0.5878133333333334,0.5898466666666669,0.5920933333333335,0.5963733333333335,0.5855666666666668,0.5835333333333333,0.5792533333333333
2024-07-29 21:00:00,0.58726,0.59057,0.58678,0.59032,51523,0.5998547661104244,0.6048387620292383,,38.4491528876338,-0.0023851329909693186,-0.001321450743052277,-0.0010636822479170415,0.5848712386391945,0.602957,0.6210427613608054,5.999021940471848,0.15063677033286804,0.004400038403394937,49732.0,0.5892233333333333,0.5916666666666667,0.5930133333333334,0.5968033333333335,0.5878766666666666,0.5854333333333333,0.5816433333333332
2024-07-30 21:00:00,0.58998,0.59618,0.58882,0.59511,77510,0.5994028836237174,0.6044572419496603,,42.665032515656826,-0.0025298061689521534,-0.0013868739793575383,-0.0011429321895946151,0.5841348084573154,0.6021954999999999,0.6202561915426844,5.998281801403208,0.3038419519193374,0.004506239494696752,127242.0,0.5933700000000001,0.5979200000000001,0.6007300000000001,0.6080900000000001,0.5905600000000001,0.58601,0.57865
2024-07-31 21:00:00,0.59513,0.59833,0.59378,0.59498,76134,0.5989816566119348,0.6040855854026148,,42.58314400229282,-0.00266620981191823,-0.0014409382913872031,-0.0012252715205310267,0.5835878202740683,0.6013615,0.6191351797259317,5.911146531971764,0.3204789301258346,0.004507809328260675,51108.0,0.5956966666666667,0.5976133333333333,0.6002466666666667,0.6047966666666668,0.5930633333333333,0.5911466666666666,0.5865966666666665
2024-08-01 21:00:00,0.59468,0.59848,0.59306,0.59566,89530,0.5986653083631791,0.6037551702887868,,43.17333407398643,-0.002778370011075615,-0.0014691472207854213,-0.0013092227902901936,0.5835620559239755,0.6004175,0.6172729440760246,5.614574550550099,0.35887348981901884,0.004540527411806367,140638.0,0.5957333333333333,0.5984066666666666,0.6011533333333333,0.6065733333333333,0.5929866666666667,0.5903133333333334,0.5848933333333334
2024-08-04 21:00:00,0.59584,0.59716,0.58498,0.59388,175521,0.5982095647095429,0.6033679087088344,,42.004160090245044,-0.002917347879620502,-0.0015211994088259674,-0.0013961484707945347,0.5833656631650063,0.599485,0.6156043368349938,5.377728161670026,0.3261404902268659,0.004814494902453378,-34883.0,0.5920066666666667,0.5990333333333333,0.6041866666666666,0.6163666666666666,0.5868533333333333,0.5798266666666667,0.5676466666666667
2024-08-05 21:00:00,0.59366,0.59804,0.59132,0.59534,122139,0.5979362728324437,0.6030530887594683,,43.306876986791906,-0.003015960711838961,-0.0015322548226095925,-0.0014837058892293684,0.5835815506581336,0.598626,0.6136704493418664,5.0263267355131385,0.39079028665889526,0.004882820207914907,87256.0,0.5949,0.59848,0.60162,0.6083400000000001,0.59176,0.5881799999999999,0.5814599999999999
2024-08-06 21:00:00,0.59533,0.60254,0.59475,0.59948,106535,0.598083294467449,0.602912967631646,,46.811502877898874,-0.0030224413457561328,-0.0014555605669847771,-0.0015668807787713557,0.5837854575973281,0.598192,0.6125985424026718,4.816695108818509,0.544701912644952,0.0049870475041069165,193791.0,0.5989233333333334,0.6030966666666667,0.6067133333333333,0.6145033333333333,0.5953066666666668,0.5911333333333334,0.5833433333333334
2024-08-07 21:00:00,0.59951,0.60142,0.59772,0.60136,90629,0.5983953616610254,0.602852066940209,,48.31249232906459,-0.002988013882060936,-0.0013443150977063595,-0.0016436987843545764,0.5842504036489674,0.597783,0.6113155963510325,4.527594913549748,0.6321623695561985,0.004940911020655413,284420.0,0.6001666666666666,0.6026133333333332,0.6038666666666666,0.6075666666666665,0.5989133333333333,0.5964666666666667,0.5927666666666668
2024-08-08 21:00:00,0.60097,0.60348,0.59944,0.59992,74470,0.5985405653123563,0.6027370839229459,,47.25581336169238,-0.0029822426468564256,-0.001266190140204452,-0.0017160525066519737,0.5852322170604508,0.597185,0.6091377829395491,4.003041918182525,0.6144085027659343,0.004908620556860153,209950.0,0.6009466666666666,0.6024533333333333,0.6049866666666667,0.6090266666666667,0.5984133333333332,0.5969066666666666,0.5928666666666665
2024-08-11 21:00:00,0.59976,0.60328,0.59894,0.60178,56437,0.5988490829016557,0.6026995512200853,,48.75350195710898,-0.0029367434809032256,-0.001154707678345779,-0.0017820358025574467,0.5856997901430641,0.596898,0.608096209856936,3.7521351577441977,0.7179812694337083,0.004888242654720723,266387.0,0.6013333333333334,0.6037266666666667,0.6056733333333334,0.6100133333333334,0.5993866666666667,0.5969933333333334,0.5926533333333334
2024-08-12 21:00:00,0.60188,0.60817,0.60174,0.60774,64156,0.5996958369110219,0.6028972158781213,,53.16210377689344,-0.0027711510656066585,-0.0009356495731546598,-0.0018355014924519987,0.5853822480077877,0.597037,0.6086917519922124,3.904197559686361,0.9591689298558913,0.004943488479605102,330543.0,0.6058833333333333,0.6100266666666666,0.6123133333333333,0.6187433333333332,0.6035966666666667,0.5994533333333334,0.5930233333333335
2024-08-13 21:00:00,0.60719,0.6084,0.59948,0.5997,64901,0.5996962333956865,0.602771834863293,,47.46395655033484,-0.0027756503842345515,-0.0008893300327672796,-0.0018863203514672719,0.586052692509807,0.5966104999999999,0.6071683074901929,3.5392630502456703,0.6463135221432045,0.005085961987654168,265642.0,0.6025266666666668,0.6055733333333335,0.6114466666666668,0.6203666666666668,0.5966533333333335,0.5936066666666667,0.5846866666666667
2024-08-14 21:00:00,0.59995,0.60148,0.59746,0.59844,61169,0.5995765921199068,0.6026019589863012,,46.653272968546425,-0.002802990349758838,-0.0008671202686541845,-0.0019358700811046537,0.5863392427056989,0.5963085,0.6062777572943011,3.3436576182633964,0.606903650747304,0.005047774254892366,204473.0,0.5991266666666667,0.6007933333333334,0.6031466666666667,0.6071666666666667,0.5967733333333334,0.5951066666666667,0.5910866666666666
2024-08-15 21:00:00,0.59862,0.60556,0.59786,0.6054,50399,0.6001312023942014,0.6027116860848777,,51.39692812525216,-0.0026857382951969155,-0.0007093347971143019,-0.0019764034980826136,0.5859738988641219,0.596534,0.6070941011358781,3.540485918951185,0.9197876462507375,0.005142778871135115,254872.0,0.6029399999999999,0.6080199999999999,0.61064,0.61834,0.6003199999999999,0.5952399999999999,0.5875399999999998
2024-08-18 21:00:00,0.60475,0.6117,0.60464,0.61144,61614,0.6012082307376108,0.6030539729050786,,54.989995362584125,-0.002451336154064898,-0.00044926062052378247,-0.0020020755335411157,0.584812305487635,0.5972120000000001,0.6096116945123652,4.152526912508493,1.0737238117363128,0.005211447790017268,316486.0,0.60926,0.6138800000000001,0.6163200000000001,0.6233800000000002,0.60682,0.6022,0.5951399999999999
2024-08-19 21:00:00,0.61105,0.61573,0.61098,0.6154,70299,0.6025598278102192,0.6035381308303697,,57.139038055423846,-0.002149091065747899,-0.00013906874668209203,-0.002010022319065807,0.5835230019415499,0.5982019999999999,0.6128809980584499,4.90770611213268,1.085802925087929,0.00519492185613165,386785.0,0.6140366666666667,0.6170933333333334,0.6187866666666667,0.6235366666666667,0.6123433333333334,0.6092866666666666,0.6045366666666666
2024-08-20 21:00:00,0.61546,0.61782,0.61324,0.61573,67041,0.6038141299235317,0.6040162433468258,,57.31473168388075,-0.0018566861249529332,0.00014504775118785338,-0.0020017338761407866,0.5830160087997457,0.5993375000000001,0.6156589912002545,5.446510922561791,1.0021753159338904,0.005172901699541768,453826.0,0.6155966666666667,0.6179533333333334,0.6201766666666667,0.6247566666666667,0.6133733333333333,0.6110166666666667,0.6064366666666666
2024-08-21 21:00:00,0.61591,0.61699,0.61279,0.61404,62716,0.6047880223117668,0.6044093318430287,,56.09651099641638,-0.0016145706599520748,0.0003662354747731057,-0.0019808061347251806,0.5838484781029125,0.600603,0.6173575218970875,5.579233502692288,0.9009962230654833,0.005138065721574481,391110.0,0.6146066666666666,0.6164233333333333,0.6188066666666667,0.6230066666666668,0.6122233333333332,0.6104066666666665,0.6062066666666664
2024-08-22 21:00:00,0.61372,0.62365,0.61356,0.62335,69632,0.6065558297106461,0.6051521031433021,,60.839909640417616,-0.0011977257548672071,0.0007407517106764613,-0.0019384774655436684,0.5837842538967217,0.6023335000000001,0.6208827461032784,6.1591281584963635,1.0665055033230024,0.00531535969453511,460742.0,0.6201866666666667,0.6268133333333333,0.6302766666666667,0.6403666666666668,0.6167233333333333,0.6100966666666666,0.6000066666666666
2024-08-25 21:00:00,0.6226,0.6233,0.61974,0.62048,59772,0.6078819411667751,0.6057531971376824,,58.81351874157877,-0.0008630984869892888,0.0010172503851190076,-0.0018803488721082964,0.5851172912259702,0.6039775000000001,0.6228377087740299,6.245334892120924,0.9374951570717399,0.005254308160705137,400970.0,0.6211733333333332,0.6226066666666665,0.6247333333333333,0.6282933333333333,0.6190466666666665,0.6176133333333332,0.6140533333333332
2024-08-26 21:00:00,0.62032,0.62548,0.61942,0.62529,62133,0.6095398515318441,0.6065193462695381,,61.062026779555865,-0.00045086975881269975,0.0013522099720363753,-0.001803079730849075,0.5858007011063825,0.605726,0.6256512988936175,6.578980890243276,0.9909336643945351,0.005283149300099025,463103.0,0.6233966666666667,0.6273733333333334,0.6294566666666668,0.6355166666666668,0.6213133333333334,0.6173366666666666,0.6112766666666666
2024-08-27 21:00:00,0.6252,0.62533,0.62242,0.6245,67775,0.6109646275764303,0.6072244699452425,,60.500841281041865,-7.919613155771277e-05,0.0016307007020323696,-0.0017098968335900824,0.5863069256350512,0.6071955,0.6280840743649488,6.88034557731368,0.9142096942009866,0.005198205301007894,395328.0,0.6240833333333333,0.6257466666666667,0.6269933333333334,0.6299033333333335,0.6228366666666666,0.6211733333333332,0.6182633333333332
2024-08-28 21:00:00,0.62436,0.62992,0.62412,0.62581,75762,0.6123784725691513,0.6079533142611153,,61.11389305301955,0.0002964822884339302,0.001897926196509201,-0.0016014439080752707,0.5871433925200071,0.608737,0.6303306074799928,7.094560534349921,0.895325329864838,0.005219744099558322,471090.0,0.6266166666666667,0.6291133333333334,0.6324166666666667,0.6382166666666668,0.6233133333333334,0.6208166666666667,0.6150166666666667
2024-08-29 21:00:00,0.62602,0.62742,0.623,0.62496,63661,0.6135767132768513,0.6086202431136206,,60.48377907827152,0.0006319794935905065,0.0021126978123865462,-0.0014807183187960395,0.5883814925815185,0.610202,0.6320225074184815,7.151896394466592,0.8381681213219684,0.005191122699677138,407429.0,0.6251266666666667,0.6272533333333334,0.6295466666666667,0.6339666666666667,0.6228333333333335,0.6207066666666667,0.6162866666666668
2024-09-01 21:00:00,0.62434,0.62534,0.6221,0.62318,39934,0.6144913120123893,0.60919121397191,,59.16233496346146,0.0009106639251177384,0.002262118338837357,-0.0013514544137196189,0.5905020808175412,0.611667,0.6328319191824587,6.9204057706100786,0.7719830843847925,0.0051213006955958176,367495.0,0.6235400000000001,0.6249800000000002,0.6267800000000001,0.6300200000000001,0.6217400000000002,0.6203000000000001,0.61706
2024-09-02 21:00:00,0.62356,0.6236,0.618,0.61871,82336,0.6148930918207332,0.6095644996985018,,55.984796860441676,0.0010814115226496224,0.0023013596695384718,-0.0012199481468888492,0.5928580422288017,0.6128355,0.6328129577711983,6.519680328962113,0.6470282171856053,0.005138429994001035,285159.0,0.6201033333333333,0.6222066666666667,0.6257033333333334,0.6313033333333334,0.6166066666666666,0.6145033333333333,0.6089033333333332
2024-09-03 21:00:00,0.61886,0.62168,0.61691,0.61994,82962,0.6153737497425681,0.6099713820632664,,56.64759232541035,0.0012657461275074056,0.0023513324217261868,-0.0010855862942187812,0.5946404457020223,0.6138585,0.6330765542979776,6.2613955163861466,0.6582236137359662,0.00512524736847304,368121.0,0.61951,0.62211,0.6242800000000001,0.6290500000000001,0.61734,0.61474,0.6099699999999999
2024-09-04 21:00:00,0.6194,0.62264,0.61782,0.6224,70940,0.6160429164337521,0.610458778845099,,57.95743540599493,0.001487532583678286,0.002434031370983712,-0.0009464987873054261,0.5962488886279877,0.6149105,0.6335721113720123,6.069700020413467,0.7006659513666728,0.00511432617526057,439061.0,0.6209533333333334,0.6240866666666667,0.6257733333333333,0.6305933333333332,0.6192666666666667,0.6161333333333334,0.6113133333333335
2024-09-05 21:00:00,0.6221,0.62544,0.61561,0.61744,94877,0.61617597201149,0.6107325522237226,,54.521509828648284,0.0015944474577510581,0.0024035977993777553,-0.0008091503416266972,0.5984220854979206,0.6157864999999999,0.6331509145020792,5.639751602894596,0.5476117406608236,0.005283033591740647,344184.0,0.6194966666666667,0.6233833333333334,0.6293266666666667,0.6391566666666667,0.6135533333333334,0.6096666666666667,0.5998366666666667
2024-09-08 21:00:00,0.61754,0.61861,0.61244,0.61453,65820,0.6160192127723004,0.6108814717443609,,52.62792230827646,0.0016347666504513692,0.0023118133708846574,-0.0006770467204332882,0.6002692293114379,0.616424,0.632578770688562,5.241447668670292,0.44137954550661174,0.005314763647594149,278364.0,0.6151933333333334,0.6179466666666668,0.6213633333333334,0.6275333333333334,0.6117766666666667,0.6090233333333334,0.6028533333333334
2024-09-09 21:00:00,0.61404,0.61652,0.6132,0.61494,64648,0.61591643060351,0.6110406297151703,,52.866517213121995,0.0016795480787712425,0.002229211296544826,-0.0005496632177735838,0.6011054702219875,0.616784,0.6324625297780125,5.08396124997164,0.441193465646697,0.005243407841957311,343012.0,0.6148866666666667,0.6165733333333334,0.6182066666666667,0.6215266666666667,0.6132533333333334,0.6115666666666667,0.6082466666666667
2024-09-10 21:00:00,0.61507,0.61572,0.61065,0.61368,95935,0.6157034372126996,0.6111441344322224,,52.03335322176496,0.0016947533985973706,0.002123096799269822,-0.00042834340067245114,0.6037929947406866,0.617483,0.6311730052593134,4.434131873853501,0.3611030482470855,0.00523720512834691,247077.0,0.6133500000000001,0.6160500000000001,0.6184200000000001,0.6234900000000001,0.6109800000000001,0.60828,0.60321
2024-09-11 21:00:00,0.61335,0.61847,0.61282,0.61836,84226,0.6159564431924425,0.6114271095525273,,54.77211724197345,0.0018021366806149075,0.002109913590406961,-0.0003077769097920534,0.6079397952861693,0.618479,0.6290182047138307,3.4081043055077833,0.49435441272699565,0.005251969783437468,331303.0,0.61655,0.62028,0.6222,0.6278499999999999,0.6146300000000001,0.6109000000000001,0.6052500000000002
2024-09-12 21:00:00,0.61766,0.61941,0.61528,0.61574,62630,0.615935829555067,0.6115962425112518,,53.018943259005304,0.001848578466326134,0.0020397956260577448,-0.00019121715973161084,0.6102042961833309,0.618996,0.627787703816669,2.8406334828234914,0.31482542702208255,0.005211841826538687,268673.0,0.61681,0.6183399999999999,0.6209399999999999,0.6250699999999999,0.6142099999999999,0.61268,0.60855
2024-09-15 21:00:00,0.616,0.6202,0.61544,0.62017,61957,0.6163390838831558,0.6119324682951243,,55.509836865576105,0.0019801265957887226,0.0020539738227895047,-7.3847227000782e-05,0.6113461562650334,0.6194325,0.6275188437349667,2.610887783565324,0.5456015737255194,0.005195682248361706,330630.0,0.6186033333333333,0.6217666666666666,0.6233633333333333,0.6281233333333333,0.6170066666666666,0.6138433333333333,0.6090833333333333
2024-09-16 21:00:00,0.61996,0.6211,0.61756,0.6184,73071,0.6165353616085696,0.6121860969894332,,54.319470300254366,0.002066287313581161,0.0020244515924423786,4.18357211387825e-05,0.6116920022336969,0.6195825,0.6274729977663032,2.547037001949903,0.42506809867876605,0.005136471700306617,257559.0,0.6190199999999999,0.6204799999999998,0.6225599999999999,0.6260999999999999,0.6169399999999998,0.6154799999999999,0.6119399999999999
2024-09-17 21:00:00,0.61846,0.62678,0.61822,0.62082,115292,0.6169434224077535,0.6125246814212202,,55.66418701145536,0.002194366938173764,0.002036178178276334,0.00015818875989743016,0.612133831560972,0.619837,0.6275401684390279,2.4855465030412716,0.5638049140286039,0.005258898156602921,372851.0,0.62194,0.6256600000000001,0.6305000000000001,0.6390600000000001,0.6171000000000001,0.61338,0.60482
2024-09-18 21:00:00,0.62033,0.62688,0.61811,0.6239,112851,0.617605953607015,0.6129707723458782,,57.31842765938749,0.002375048203911878,0.0020970292037974505,0.00027801900011442736,0.6129173648410273,0.62033,0.6277426351589728,2.3899005880652955,0.7408050526861967,0.005384450491258133,485702.0,0.6229633333333333,0.6278166666666666,0.6317333333333333,0.6405033333333332,0.6190466666666666,0.6141933333333334,0.6054233333333334
2024-09-19 21:00:00,0.62392,0.62602,0.621,0.62375,95636,0.6181911008825374,0.6133934871558437,,57.210883589919895,0.002539752950115326,0.0021394780608116606,0.00040027488930366516,0.6129028018691565,0.62035,0.6277971981308434,2.4009665933242497,0.7282737709044258,0.005371418804561704,390066.0,0.62359,0.62618,0.62861,0.63363,0.6211599999999999,0.61857,0.6135499999999999
2024-09-22 21:00:00,0.62333,0.62802,0.62252,0.62661,73128,0.6189929007984862,0.6139117817771832,,58.73789271568294,0.0027501059229741998,0.002222813139958614,0.0005272927830155859,0.6127243419708102,0.6206564999999999,0.6285886580291897,2.5560541230744493,0.8752761844942822,0.005376016296357689,463194.0,0.6257166666666666,0.6289133333333332,0.6312166666666666,0.6367166666666667,0.6234133333333332,0.6202166666666665,0.6147166666666665
2024-09-23 21:00:00,0.62654,0.63428,0.62592,0.63394,82290,0.6204164340557732,0.6146972020996466,,62.304527972734654,0.0030934481489626187,0.002427444265085031,0.0006660038838775877,0.6114366782067712,0.621089,0.6307413217932288,3.1081928011054245,1.165694755898783,0.005482705882101856,545484.0,0.6313799999999999,0.6368399999999999,0.6397399999999999,0.6480999999999998,0.6284799999999999,0.62302,0.6146600000000001
2024-09-24 21:00:00,0.63382,0.63556,0.62598,0.62624,73398,0.6209710593837948,0.6151498608408369,,56.95462057552018,0.0032578599407662168,0.0024517557294892437,0.0008061042112769731,0.6113720917996932,0.621176,0.6309799082003067,3.1565637437076592,0.7582643521611936,0.00562919502598538,472086.0,0.62926,0.6325400000000001,0.6388400000000001,0.6484200000000001,0.6229600000000001,0.61968,0.6101
2024-09-25 21:00:00,0.6269,0.63322,0.62526,0.63277,94250,0.6220947680139096,0.6158408466902158,,59.970103249774844,0.003541459185588347,0.0025874979486729213,0.0009539612369154258,0.6106510254299918,0.621524,0.6323969745700081,3.4988108488193963,1.017153789314513,0.005712524295276838,566336.0,0.6304166666666667,0.6355733333333334,0.6383766666666667,0.6463366666666667,0.6276133333333335,0.6224566666666668,0.6144966666666668
2024-09-26 21:00:00,0.63275,0.63673,0.6296,0.6341,99484,0.6232381234411564,0.6165568919180505,,60.55235802856168,0.0038317568484093067,0.0027222390919536712,0.0011095177564556355,0.609870834187756,0.621981,0.634091165812244,3.894062941550948,1.000364742642378,0.0057631989961299855,665820.0,0.6334766666666667,0.6373533333333333,0.6406066666666667,0.6477366666666666,0.6302233333333334,0.6263466666666667,0.6192166666666667
2024-09-29 21:00:00,0.63366,0.6379,0.63356,0.63496,91266,0.6243544926372367,0.6172785824310683,,60.932472657140984,0.004118609791203931,0.0028464384112483875,0.0012721713799555435,0.6092031828769879,0.62257,0.635936817123012,4.294076850157258,0.9634611174065387,0.005712321502891512,757086.0,0.6354733333333333,0.6373866666666667,0.6398133333333333,0.6441533333333334,0.6330466666666666,0.6311333333333333,0.6267933333333333
2024-09-30 21:00:00,0.63468,0.6349,0.62646,0.62809,108266,0.6247102552432142,0.6177025595906342,,56.43830719864556,0.004245856572271167,0.002812945452190455,0.0014329111200807123,0.6095888655768782,0.623039,0.6364891344231218,4.317589885423486,0.687767640125476,0.0058119739165905845,648820.0,0.6298166666666667,0.6331733333333334,0.6382566666666667,0.6466966666666667,0.6247333333333334,0.6213766666666667,0.6129366666666667
2024-10-01 21:00:00,0.62854,0.63135,0.62581,0.62626,85859,0.6248578499819557,0.6180381454890408,,55.31408134432817,0.004324857929556392,0.002735625360314832,0.0015892325692415598,0.6099139844133693,0.623355,0.6367960155866307,4.3124754230352496,0.6080647508098104,0.005802251863524982,562961.0,0.6278066666666666,0.6298033333333333,0.6333466666666666,0.6388866666666666,0.6242633333333333,0.6222666666666666,0.6167266666666666
2024-10-02 21:00:00,0.62655,0.62685,0.62102,0.62124,96674,0.624513292840817,0.6181637084110393,,52.354634100024725,0.004294039841729824,0.002558601473975385,0.001735438367754439,0.6098300150367632,0.623297,0.6367639849632368,4.321209620208934,0.42362804274248006,0.0058032437241804635,466287.0,0.6230366666666667,0.6250533333333333,0.6288666666666667,0.6346966666666667,0.6192233333333333,0.6172066666666667,0.6113766666666667
2024-10-03 21:00:00,0.62128,0.62196,0.61456,0.61586,81755,0.6236891697131202,0.618073366904724,,49.42302515176179,0.004152811370971787,0.0022867041922326266,0.0018661071787391607,0.6095968537927219,0.623218,0.6368391462072782,4.3712300374116815,0.22990525584152025,0.005860318219417808,384532.0,0.61746,0.62036,0.62486,0.6322599999999999,0.6129600000000001,0.61006,0.6026600000000001
2024-10-06 21:00:00,0.616,0.61734,0.61124,0.6125,84635,0.6226235345023469,0.6178548034966956,,47.697478944620144,0.003948780997014789,0.0019700968551255946,0.0019786841418891945,0.6092106289017896,0.6231165000000001,0.6370223710982106,4.4633294410308535,0.11827274519443003,0.005868885156055021,299897.0,0.6136933333333333,0.6161466666666666,0.6197933333333333,0.6258933333333333,0.6100466666666666,0.6075933333333333,0.6014933333333333
2024-10-07 21:00:00,0.61228,0.61451,0.61074,0.61382,91217,0.6217851026449805,0.61769657590859,,48.42922242050125,0.0037804513644233984,0.0017043743996945173,0.002076076964728881,0.6090150502385987,0.6230605,0.6371059497614013,4.5085348088672985,0.17105004976793076,0.005793866936090892,391114.0,0.6130233333333334,0.6153066666666668,0.6167933333333334,0.6205633333333335,0.6115366666666667,0.6092533333333333,0.6054833333333333
2024-10-08 21:00:00,0.61414,0.61434,0.60528,0.6064,83842,0.6203198547740301,0.6172535729317825,,44.78564268682305,0.003469272400615675,0.0013178875744875077,0.0021513848261281673,0.6073778717650683,0.6226965,0.6380151282349317,4.920094535598541,-0.03191773277839492,0.005910601628849133,307272.0,0.6086733333333333,0.6120666666666665,0.6177333333333332,0.6267933333333332,0.6030066666666666,0.5996133333333333,0.5905533333333334
2024-10-09 21:00:00,0.60628,0.60986,0.60532,0.60931,98236,0.6192712971765033,0.6169420602677911,0.6097117,46.421055061425776,0.0032328046617130513,0.001022964709337052,0.002209839952375999,0.6059369470473649,0.622244,0.6385510529526351,5.241369286850536,0.10342313115779939,0.00586161633305615,405508.0,0.6081633333333333,0.6110066666666666,0.6127033333333333,0.6172433333333333,0.6064666666666666,0.6036233333333333,0.5990833333333333
2024-10-10 21:00:00,0.60916,0.61198,0.6084,0.61094,64681,0.6184778403025506,0.6167066853553287,0.6097239218905472,47.32511398015737,0.0030408670070010135,0.0007861066732939323,0.0022547603337070812,0.605187779972894,0.622004,0.638820220027106,5.407109930838398,0.17103189711582262,0.005780073472437792,470189.0,0.61044,0.6124799999999999,0.6140199999999999,0.6175999999999998,0.6089,0.6068600000000001,0.6032800000000001
2024-10-13 21:00:00,0.60956,0.61053,0.607,0.60961,67162,0.6176332840832601,0.6164283839688451,0.6097227883393976,46.66054558529484,0.0028311373423012265,0.0005452214946160836,0.002285915847685143,0.6038204157275937,0.621476,0.6391315842724064,5.681823360003064,0.1639590110154197,0.0057143125761457475,403027.0,0.6090466666666666,0.6110933333333333,0.6125766666666667,0.6161066666666667,0.6075633333333332,0.6055166666666666,0.6019866666666666
2024-10-14 21:00:00,0.60931,0.6106,0.60736,0.6084,71634,0.6167539236943782,0.6161135453818316,0.6097096262663688,46.05191649039377,0.002607293979739911,0.0003040063411328883,0.0023032876386070225,0.6024551021815885,0.620976,0.6394968978184115,5.965092956382046,0.1604916207815203,0.005625887235731631,331393.0,0.6087866666666667,0.6102133333333334,0.6120266666666667,0.6152666666666667,0.6069733333333334,0.6055466666666667,0.6023066666666667
2024-10-15 21:00:00,0.60836,0.60937,0.60396,0.60568,78268,0.6156992642949136,0.6157043867394069,0.6096695304826238,44.69616542845446,0.0023398818632335283,3.4616158430478706e-05,0.0023052657048030496,0.6005334693746894,0.620219,0.6399045306253105,6.347928917143955,0.13071861569973248,0.005618172178841418,253125.0,0.6063366666666666,0.6087133333333332,0.6117466666666665,0.6171566666666665,0.6033033333333333,0.6009266666666667,0.5955166666666668
2024-10-16 21:00:00,0.60552,0.60758,0.60446,0.60596,86044,0.6147717153144456,0.6153222539260969,0.6096326197315529,44.86900392031737,0.0020923593242784255,-0.00020139792752329284,0.0022937572518017184,0.5987731425135111,0.619322,0.639870857486489,6.635920405375212,0.1748724349082273,0.005528898201909076,339169.0,0.606,0.60754,0.60912,0.61224,0.60442,0.60288,0.59976
2024-10-17 21:00:00,0.60596,0.608,0.60534,0.6072,81310,0.6140505995702128,0.6150037341642891,0.6096084145600946,45.647208863213855,0.001883119355052254,-0.0003884412536819255,0.0022715606087341795,0.5973998642126717,0.6184945,0.6395891357873282,6.821284841604344,0.23228976044268373,0.005426378261551205,420479.0,0.6068466666666666,0.6083533333333333,0.6095066666666666,0.6121666666666666,0.6056933333333333,0.6041866666666666,0.6015266666666667
2024-10-20 21:00:00,0.60734,0.60843,0.60283,0.60308,92739,0.6130057805635258,0.6145361367460817,0.609543455211238,43.53500639360236,0.00160175833253684,-0.0006335967477542402,0.0022353550802910803,0.5955511411544976,0.617318,0.6390848588455025,7.052073273581021,0.17294316324971262,0.005432582497870149,327740.0,0.60478,0.60673,0.61038,0.6159800000000001,0.6011299999999999,0.5991799999999999,0.5935799999999999
2024-10-21 21:00:00,0.603,0.60613,0.60212,0.60439,88783,0.6121852300336662,0.614138249030549,0.6094921770499321,44.38152734930836,0.001362556986258645,-0.0008256198186793306,0.0021881768049379757,0.5947874104642568,0.6158405,0.6368935895357433,6.837189024022698,0.228056540571878,0.005381748643789129,416523.0,0.6042133333333334,0.6063066666666668,0.6082233333333333,0.6122333333333333,0.6022966666666668,0.6002033333333334,0.5961933333333335
2024-10-22 21:00:00,0.60465,0.6053,0.59913,0.60048,80007,0.6110704462209361,0.613602631421508,0.6094025036464502,42.417998350107105,0.0010577296689691096,-0.0010693418853759545,0.002127071554345064,0.59305468906493,0.6145525000000001,0.6360503109350701,6.996248794064,0.17269923336605605,0.005409915083707042,336516.0,0.6016366666666667,0.6041433333333334,0.6078066666666666,0.6139766666666665,0.5979733333333335,0.5954666666666668,0.5892966666666669
2024-10-23 21:00:00,0.60053,0.60322,0.59988,0.60155,92825,0.6101637370570374,0.6131299792088998,0.609324369281809,43.13027139374487,0.0007920943038578487,-0.0012628163180284468,0.0020549106218862956,0.5925013430703908,0.6129915,0.6334816569296092,6.685298875958053,0.22080496895886367,0.005335952561344545,429341.0,0.60155,0.6032200000000001,0.60489,0.60823,0.5998800000000001,0.59821,0.59487
2024-10-24 21:00:00,0.60152,0.60184,0.59742,0.59774,74485,0.6089805240039862,0.6125264506124724,0.609209101925771,41.25071365223928,0.000464934555817198,-0.0015040314138491462,0.0019689659696663442,0.592093826758563,0.6111735,0.630253173241437,6.243619280429207,0.14796304868509813,0.005303224189094051,354856.0,0.5990000000000001,0.6005800000000002,0.6034200000000002,0.6078400000000003,0.5961600000000001,0.59458,0.5901599999999999
2024-10-27 21:00:00,0.59797,0.59978,0.59578,0.59802,74597,0.6079366645750351,0.611957570196297,0.609097767578251,41.444711057866726,0.0001628625984797516,-0.0017084761619332632,0.0018713387604130148,0.5928391809031911,0.6093265000000001,0.6258138190968091,5.411653390032766,0.1571152673878801,0.005256658817317253,429453.0,0.59786,0.5999399999999999,0.60186,0.60586,0.5959399999999999,0.5938599999999999,0.5898599999999999
2024-10-28 21:00:00,0.59814,0.59898,0.59535,0.59734,82260,0.6069274584250318,0.6113843321493835,0.6089807748660296,41.10371563683867,-0.00013477736362954573,-0.0018976774146348546,0.0017629000510053089,0.5929331083741164,0.607789,0.6226448916258837,4.8885029593769,0.14832134404526082,0.005198537801107322,347193.0,0.5972233333333333,0.5990966666666666,0.6008533333333332,0.6044833333333332,0.5954666666666667,0.5935933333333334,0.5899633333333335
2024-10-29 21:00:00,0.59729,0.60018,0.59506,0.59736,100127,0.6060162719083622,0.6108343583396038,0.6088651452653726,41.11845582277045,-0.0004138649549116913,-0.002059102032624189,0.001645237077712498,0.5934652323570927,0.606344,0.6192227676429073,4.248006954107667,0.15120886372432782,0.005195731666447035,447320.0,0.5975333333333334,0.6000066666666667,0.6026533333333334,0.6077733333333334,0.5948866666666667,0.5924133333333333,0.5872933333333333
2024-10-30 21:00:00,0.59732,0.59834,0.59398,0.59764,107226,0.6052185317266133,0.6103169325223644,0.6087534522776574,41.331110151584504,-0.0006700380319693,-0.0021901251037530524,0.0015200870717837522,0.5937155583593229,0.605164,0.6166124416406772,3.7835831743716257,0.17139632466366594,0.005165871658439125,554546.0,0.5966533333333334,0.5993266666666668,0.6010133333333334,0.6053733333333334,0.5949666666666668,0.5922933333333333,0.5879333333333333
2024-10-31 21:00:00,0.59782,0.59992,0.59586,0.59624,99300,0.6043634334669359,0.60976489595286,0.6086289403146957,40.5731831499933,-0.0009384017258330379,-0.0023255975112591257,0.0013871957854260878,0.5932165035676845,0.604183,0.6151494964323155,3.630190333827833,0.1378515212664453,0.005126360358285819,455246.0,0.59734,0.59882,0.6014,0.6054600000000001,0.59476,0.5932799999999999,0.5892199999999999
2024-11-03 22:00:00,0.60022,0.60156,0.59708,0.59726,105815,0.6036869159938945,0.6092745078762772,0.6085158165304699,41.383335697724114,-0.0011691129158600821,-0.0024181298525679986,0.0012490169367079165,0.5927583288524879,0.6034210000000001,0.6140836711475123,3.5340736061596068,0.21109490695314326,0.0051332787416776705,561061.0,0.5986333333333334,0.6001866666666666,0.6031133333333333,0.6075933333333332,0.5957066666666667,0.5941533333333334,0.5896733333333335
2024-11-04 22:00:00,0.59818,0.60156,0.59668,0.60068,91153,0.603400543042095,0.6089374683517174,0.6084378482067837,44.0299416484092,-0.0013157842837975275,-0.002426163316694339,0.0011103790328968115,0.5931806427594508,0.602764,0.6123473572405491,3.1798041158891874,0.3912698364628346,0.0051242296897596375,652214.0,0.59964,0.6025999999999999,0.60452,0.6093999999999999,0.5977199999999999,0.59476,0.58988
2024-11-05 22:00:00,0.60084,0.6021,0.5912,0.59393,268586,0.6024985865618955,0.6083489401810618,0.6082934915082088,40.31356037305818,-0.00158879596498962,-0.002553273646649327,0.0009644776816597069,0.5919793219679023,0.6021405,0.6123016780320977,3.3750189638789307,0.09598680516844525,0.005330581581188012,383628.0,0.5957433333333332,0.6002866666666664,0.6066433333333332,0.6175433333333332,0.5893866666666664,0.5848433333333332,0.5739433333333331
2024-11-06 22:00:00,0.59404,0.6038,0.5931,0.60256,142944,0.6025044354607626,0.6081219229190594,0.6082364418414604,46.307545870692884,-0.0016696211222929636,-0.002491715084820094,0.0008220939625271301,0.5921827731835478,0.601803,0.6114232268164521,3.197134881830811,0.5393441867038632,0.005522413201660354,526572.0,0.5998199999999999,0.6065399999999999,0.61052,0.62122,0.5958399999999998,0.5891199999999999,0.5784199999999998
2024-11-07 22:00:00,0.60265,0.60273,0.59474,0.5968,121215,0.601961155893071,0.6076779259418414,0.6081226464002519,43.30484902481048,-0.0018604828607466928,-0.002537572670664427,0.0006770898099177343,0.5922157738767537,0.601096,0.6099762261232462,2.9546781623056013,0.2581142675661096,0.005610570849133076,405357.0,0.59809,0.60144,0.60608,0.6140699999999999,0.59345,0.5901000000000001,0.5821100000000001
2024-11-10 22:00:00,0.59552,0.59778,0.59518,0.59639,86441,0.6014305696175404,0.6072352621794164,0.6080059036500006,43.09906474355232,-0.0020464950069181143,-0.0025763640159258026,0.0005298690090076885,0.5922470588668466,0.6004349999999999,0.6086229411331533,2.727336392166797,0.25299040783148935,0.005503015700192048,318916.0,0.59645,0.59772,0.59905,0.6016499999999999,0.5951200000000001,0.5938500000000001,0.5912500000000002
2024-11-11 22:00:00,0.59604,0.59728,0.59096,0.59263,115820,0.6005924201301556,0.6066625067998315,0.6078529095838315,41.239889173651484,-0.0022954573996442074,-0.0026726060622382797,0.0003771486625940725,0.5916433249425629,0.5996465,0.607649675057437,2.669297680362375,0.06164272619028986,0.005532202807177697,203096.0,0.5936233333333333,0.5962866666666665,0.5999433333333333,0.6062633333333333,0.5899666666666665,0.5873033333333333,0.5809833333333333
2024-11-12 22:00:00,0.59274,0.59475,0.58761,0.58797,129800,0.5993902848796646,0.6059294673174851,0.6076550696874751,39.07859997548782,-0.0026215241477872686,-0.002836582388198566,0.00021505824041129727,0.5897664529852814,0.598761,0.6077555470147186,3.004386396147571,-0.09986344961795851,0.005589641397138075,73296.0,0.59011,0.5926100000000001,0.5972500000000001,0.6043900000000001,0.58547,0.58297,0.57583
2024-11-13 22:00:00,0.58812,0.58851,0.58393,0.58496,117381,0.5980159720339823,0.605107135265819,0.607429248098545,37.756421581912086,-0.002986422513843956,-0.003028427740511726,4.2005226667770045e-05,0.5875021667659823,0.597711,0.6079198332340177,3.4159763611570364,-0.12450819342955537,0.005553572323336622,-44085.0,0.5858,0.58767,0.59038,0.59496,0.58309,0.58122,0.5766399999999999
2024-11-14 22:00:00,0.58532,0.58812,0.58402,0.58667,123510,0.5969354032688411,0.604384110353434,0.6072226884159725,38.96994371467788,-0.0032921589990928535,-0.0031539391324762653,-0.000138219866616588,0.5863705299108452,0.5966845000000001,0.606998470089155,3.457093351395892,0.014517692341854151,0.00550164451532412,79425.0,0.58627,0.5885199999999999,0.59037,0.5944699999999999,0.5844199999999999,0.58217,0.57807
2024-11-17 22:00:00,0.58681,0.58982,0.58364,0.5893,79480,0.596208222005142,0.6037925766140836,0.6070443532078533,40.806113757274105,-0.0035234791696460155,-0.0032022723136764853,-0.00032120685596953005,0.5856415259320403,0.5959955,0.6063494740679597,3.4745141760163225,0.17667004205085104,0.0055258780269014296,158905.0,0.5875866666666667,0.5915333333333334,0.5937666666666667,0.5999466666666666,0.5853533333333334,0.5814066666666667,0.5752266666666668
2024-11-18 22:00:00,0.58896,0.59136,0.58743,0.59127,104525,0.5957379151475094,0.6033014951782373,0.6068873944694667,42.15467637456411,-0.0036980280113968478,-0.0031942902821609762,-0.0005037377292358715,0.5855488933282976,0.5953394999999999,0.6051301066717022,3.2890835134246212,0.29217324643619924,0.005468867569645194,263430.0,0.59002,0.59261,0.59395,0.59788,0.58868,0.58609,0.58216
2024-11-19 22:00:00,0.59096,0.59221,0.58638,0.58768,69748,0.5949704946572704,0.6026888875241887,0.6066962761165366,40.41876027468721,-0.003931398191571955,-0.003242381518426025,-0.0006890166731459301,0.584666244346924,0.5946995,0.604732755653076,3.374227035023907,0.1501883215819371,0.005481768388838167,193682.0,0.5887566666666667,0.5911333333333334,0.5945866666666667,0.6004166666666667,0.5853033333333334,0.5829266666666667,0.5770966666666667
2024-11-20 22:00:00,0.5876,0.58862,0.58498,0.58594,98330,0.5941104475470541,0.6020320684055931,0.6064897460059244,39.60110852385336,-0.004182463258206703,-0.0033046116345169475,-0.0008778516236897558,0.5837116792937627,0.593919,0.6041263207062373,3.4372770381945386,0.10915306623390941,0.005415975050127605,95352.0,0.5865133333333333,0.5880466666666666,0.5901533333333333,0.5937933333333333,0.5844066666666666,0.5828733333333334,0.5792333333333334
2024-11-21 22:00:00,0.58586,0.58608,0.58166,0.58359,118767,0.5931085001616203,0.6013088500367464,0.6062618878367113,38.51260424633887,-0.004462260369398008,-0.0033906569216159144,-0.0010716034477820937,0.5822294778273772,0.5932115,0.6041935221726228,3.7025655007102136,0.06194315360309951,0.005380396223469793,-23415.0,0.5837766666666667,0.5858933333333335,0.5881966666666668,0.5926166666666669,0.5814733333333334,0.5793566666666666,0.5749366666666665
2024-11-24 22:00:00,0.58543,0.58694,0.58356,0.58455,94328,0.5922934049081326,0.6006516402313837,0.606045849151769,39.21862898169981,-0.004701958467439482,-0.0034341196131894213,-0.0012678388542500607,0.58117268504616,0.592538,0.60390331495384,3.836147201981971,0.14857991034814605,0.005308937447328851,70913.0,0.5850166666666667,0.5864733333333335,0.5883966666666668,0.5917766666666668,0.5830933333333335,0.5816366666666667,0.5782566666666666
2024-11-25 22:00:00,0.58478,0.58658,0.57972,0.58344,115460,0.5914502234883106,0.5999766739478001,0.6058209153293633,38.68728342265293,-0.004945594944166909,-0.0034789584634348563,-0.0014666364807320524,0.5800454933142644,0.591843,0.6036405066857357,3.986701434581687,0.14386542750765688,0.005364344541649973,-44547.0,0.5832466666666667,0.5867733333333334,0.5901066666666667,0.5969666666666666,0.5799133333333334,0.5763866666666667,0.5695266666666667
